--
-- PostgreSQL database dump
--

-- Dumped from database version 16.5 (Ubuntu 16.5-1.pgdg22.04+1)
-- Dumped by pg_dump version 16.5 (Ubuntu 16.5-1.pgdg22.04+1)

SET statement_timeout = 0;
SET lock_timeout = 0;
SET idle_in_transaction_session_timeout = 0;
SET client_encoding = 'UTF8';
SET standard_conforming_strings = on;
SELECT pg_catalog.set_config('search_path', '', false);
SET check_function_bodies = false;
SET xmloption = content;
SET client_min_messages = warning;
SET row_security = off;

SET default_tablespace = '';

SET default_table_access_method = heap;

--
-- Name: auth_group; Type: TABLE; Schema: public; Owner: postgres
--

CREATE TABLE public.auth_group (
    id integer NOT NULL,
    name character varying(150) NOT NULL
);


ALTER TABLE public.auth_group OWNER TO postgres;

--
-- Name: auth_group_id_seq; Type: SEQUENCE; Schema: public; Owner: postgres
--

ALTER TABLE public.auth_group ALTER COLUMN id ADD GENERATED BY DEFAULT AS IDENTITY (
    SEQUENCE NAME public.auth_group_id_seq
    START WITH 1
    INCREMENT BY 1
    NO MINVALUE
    NO MAXVALUE
    CACHE 1
);


--
-- Name: auth_group_permissions; Type: TABLE; Schema: public; Owner: postgres
--

CREATE TABLE public.auth_group_permissions (
    id bigint NOT NULL,
    group_id integer NOT NULL,
    permission_id integer NOT NULL
);


ALTER TABLE public.auth_group_permissions OWNER TO postgres;

--
-- Name: auth_group_permissions_id_seq; Type: SEQUENCE; Schema: public; Owner: postgres
--

ALTER TABLE public.auth_group_permissions ALTER COLUMN id ADD GENERATED BY DEFAULT AS IDENTITY (
    SEQUENCE NAME public.auth_group_permissions_id_seq
    START WITH 1
    INCREMENT BY 1
    NO MINVALUE
    NO MAXVALUE
    CACHE 1
);


--
-- Name: auth_permission; Type: TABLE; Schema: public; Owner: postgres
--

CREATE TABLE public.auth_permission (
    id integer NOT NULL,
    name character varying(255) NOT NULL,
    content_type_id integer NOT NULL,
    codename character varying(100) NOT NULL
);


ALTER TABLE public.auth_permission OWNER TO postgres;

--
-- Name: auth_permission_id_seq; Type: SEQUENCE; Schema: public; Owner: postgres
--

ALTER TABLE public.auth_permission ALTER COLUMN id ADD GENERATED BY DEFAULT AS IDENTITY (
    SEQUENCE NAME public.auth_permission_id_seq
    START WITH 1
    INCREMENT BY 1
    NO MINVALUE
    NO MAXVALUE
    CACHE 1
);


--
-- Name: auth_user; Type: TABLE; Schema: public; Owner: postgres
--

CREATE TABLE public.auth_user (
    id integer NOT NULL,
    password character varying(128) NOT NULL,
    last_login timestamp with time zone,
    is_superuser boolean NOT NULL,
    username character varying(150) NOT NULL,
    first_name character varying(150) NOT NULL,
    last_name character varying(150) NOT NULL,
    email character varying(254) NOT NULL,
    is_staff boolean NOT NULL,
    is_active boolean NOT NULL,
    date_joined timestamp with time zone NOT NULL
);


ALTER TABLE public.auth_user OWNER TO postgres;

--
-- Name: auth_user_groups; Type: TABLE; Schema: public; Owner: postgres
--

CREATE TABLE public.auth_user_groups (
    id bigint NOT NULL,
    user_id integer NOT NULL,
    group_id integer NOT NULL
);


ALTER TABLE public.auth_user_groups OWNER TO postgres;

--
-- Name: auth_user_groups_id_seq; Type: SEQUENCE; Schema: public; Owner: postgres
--

ALTER TABLE public.auth_user_groups ALTER COLUMN id ADD GENERATED BY DEFAULT AS IDENTITY (
    SEQUENCE NAME public.auth_user_groups_id_seq
    START WITH 1
    INCREMENT BY 1
    NO MINVALUE
    NO MAXVALUE
    CACHE 1
);


--
-- Name: auth_user_id_seq; Type: SEQUENCE; Schema: public; Owner: postgres
--

ALTER TABLE public.auth_user ALTER COLUMN id ADD GENERATED BY DEFAULT AS IDENTITY (
    SEQUENCE NAME public.auth_user_id_seq
    START WITH 1
    INCREMENT BY 1
    NO MINVALUE
    NO MAXVALUE
    CACHE 1
);


--
-- Name: auth_user_user_permissions; Type: TABLE; Schema: public; Owner: postgres
--

CREATE TABLE public.auth_user_user_permissions (
    id bigint NOT NULL,
    user_id integer NOT NULL,
    permission_id integer NOT NULL
);


ALTER TABLE public.auth_user_user_permissions OWNER TO postgres;

--
-- Name: auth_user_user_permissions_id_seq; Type: SEQUENCE; Schema: public; Owner: postgres
--

ALTER TABLE public.auth_user_user_permissions ALTER COLUMN id ADD GENERATED BY DEFAULT AS IDENTITY (
    SEQUENCE NAME public.auth_user_user_permissions_id_seq
    START WITH 1
    INCREMENT BY 1
    NO MINVALUE
    NO MAXVALUE
    CACHE 1
);


--
-- Name: core_dtdlparserclient; Type: TABLE; Schema: public; Owner: postgres
--

CREATE TABLE public.core_dtdlparserclient (
    id bigint NOT NULL,
    name character varying(255) NOT NULL,
    url character varying(255) NOT NULL,
    active boolean NOT NULL
);


ALTER TABLE public.core_dtdlparserclient OWNER TO postgres;

--
-- Name: core_dtdlparserclient_id_seq; Type: SEQUENCE; Schema: public; Owner: postgres
--

ALTER TABLE public.core_dtdlparserclient ALTER COLUMN id ADD GENERATED BY DEFAULT AS IDENTITY (
    SEQUENCE NAME public.core_dtdlparserclient_id_seq
    START WITH 1
    INCREMENT BY 1
    NO MINVALUE
    NO MAXVALUE
    CACHE 1
);


--
-- Name: core_gatewayiot; Type: TABLE; Schema: public; Owner: postgres
--

CREATE TABLE public.core_gatewayiot (
    id bigint NOT NULL,
    name character varying(255) NOT NULL,
    url character varying(200) NOT NULL,
    username character varying(255) NOT NULL,
    password character varying(255) NOT NULL
);


ALTER TABLE public.core_gatewayiot OWNER TO postgres;

--
-- Name: core_gatewayiot_id_seq; Type: SEQUENCE; Schema: public; Owner: postgres
--

ALTER TABLE public.core_gatewayiot ALTER COLUMN id ADD GENERATED BY DEFAULT AS IDENTITY (
    SEQUENCE NAME public.core_gatewayiot_id_seq
    START WITH 1
    INCREMENT BY 1
    NO MINVALUE
    NO MAXVALUE
    CACHE 1
);


--
-- Name: django_admin_log; Type: TABLE; Schema: public; Owner: postgres
--

CREATE TABLE public.django_admin_log (
    id integer NOT NULL,
    action_time timestamp with time zone NOT NULL,
    object_id text,
    object_repr character varying(200) NOT NULL,
    action_flag smallint NOT NULL,
    change_message text NOT NULL,
    content_type_id integer,
    user_id integer NOT NULL,
    CONSTRAINT django_admin_log_action_flag_check CHECK ((action_flag >= 0))
);


ALTER TABLE public.django_admin_log OWNER TO postgres;

--
-- Name: django_admin_log_id_seq; Type: SEQUENCE; Schema: public; Owner: postgres
--

ALTER TABLE public.django_admin_log ALTER COLUMN id ADD GENERATED BY DEFAULT AS IDENTITY (
    SEQUENCE NAME public.django_admin_log_id_seq
    START WITH 1
    INCREMENT BY 1
    NO MINVALUE
    NO MAXVALUE
    CACHE 1
);


--
-- Name: django_content_type; Type: TABLE; Schema: public; Owner: postgres
--

CREATE TABLE public.django_content_type (
    id integer NOT NULL,
    app_label character varying(100) NOT NULL,
    model character varying(100) NOT NULL
);


ALTER TABLE public.django_content_type OWNER TO postgres;

--
-- Name: django_content_type_id_seq; Type: SEQUENCE; Schema: public; Owner: postgres
--

ALTER TABLE public.django_content_type ALTER COLUMN id ADD GENERATED BY DEFAULT AS IDENTITY (
    SEQUENCE NAME public.django_content_type_id_seq
    START WITH 1
    INCREMENT BY 1
    NO MINVALUE
    NO MAXVALUE
    CACHE 1
);


--
-- Name: django_migrations; Type: TABLE; Schema: public; Owner: postgres
--

CREATE TABLE public.django_migrations (
    id bigint NOT NULL,
    app character varying(255) NOT NULL,
    name character varying(255) NOT NULL,
    applied timestamp with time zone NOT NULL
);


ALTER TABLE public.django_migrations OWNER TO postgres;

--
-- Name: django_migrations_id_seq; Type: SEQUENCE; Schema: public; Owner: postgres
--

ALTER TABLE public.django_migrations ALTER COLUMN id ADD GENERATED BY DEFAULT AS IDENTITY (
    SEQUENCE NAME public.django_migrations_id_seq
    START WITH 1
    INCREMENT BY 1
    NO MINVALUE
    NO MAXVALUE
    CACHE 1
);


--
-- Name: django_session; Type: TABLE; Schema: public; Owner: postgres
--

CREATE TABLE public.django_session (
    session_key character varying(40) NOT NULL,
    session_data text NOT NULL,
    expire_date timestamp with time zone NOT NULL
);


ALTER TABLE public.django_session OWNER TO postgres;

--
-- Name: facade_device; Type: TABLE; Schema: public; Owner: postgres
--

CREATE TABLE public.facade_device (
    id bigint NOT NULL,
    name character varying(255) NOT NULL,
    identifier character varying(255) NOT NULL,
    status character varying(255) NOT NULL,
    gateway_id bigint NOT NULL,
    type_id bigint,
    user_id integer NOT NULL,
    "inactivityTimeout" integer,
    metadata text NOT NULL
);


ALTER TABLE public.facade_device OWNER TO postgres;

--
-- Name: facade_device_id_seq; Type: SEQUENCE; Schema: public; Owner: postgres
--

ALTER TABLE public.facade_device ALTER COLUMN id ADD GENERATED BY DEFAULT AS IDENTITY (
    SEQUENCE NAME public.facade_device_id_seq
    START WITH 1
    INCREMENT BY 1
    NO MINVALUE
    NO MAXVALUE
    CACHE 1
);


--
-- Name: facade_devicetype; Type: TABLE; Schema: public; Owner: postgres
--

CREATE TABLE public.facade_devicetype (
    id bigint NOT NULL,
    name character varying(100) NOT NULL,
    "inactivityTimeout" integer
);


ALTER TABLE public.facade_devicetype OWNER TO postgres;

--
-- Name: facade_devicetype_id_seq; Type: SEQUENCE; Schema: public; Owner: postgres
--

ALTER TABLE public.facade_devicetype ALTER COLUMN id ADD GENERATED BY DEFAULT AS IDENTITY (
    SEQUENCE NAME public.facade_devicetype_id_seq
    START WITH 1
    INCREMENT BY 1
    NO MINVALUE
    NO MAXVALUE
    CACHE 1
);


--
-- Name: facade_property; Type: TABLE; Schema: public; Owner: postgres
--

CREATE TABLE public.facade_property (
    id bigint NOT NULL,
    name character varying(255) NOT NULL,
    type character varying NOT NULL,
    value character varying(255) NOT NULL,
    rpc_read_method character varying(255) NOT NULL,
    rpc_write_method character varying(255) NOT NULL,
    device_id bigint NOT NULL
);


ALTER TABLE public.facade_property OWNER TO postgres;

--
-- Name: facade_property_id_seq; Type: SEQUENCE; Schema: public; Owner: postgres
--

ALTER TABLE public.facade_property ALTER COLUMN id ADD GENERATED BY DEFAULT AS IDENTITY (
    SEQUENCE NAME public.facade_property_id_seq
    START WITH 1
    INCREMENT BY 1
    NO MINVALUE
    NO MAXVALUE
    CACHE 1
);


--
-- Name: orchestrator_digitaltwininstance; Type: TABLE; Schema: public; Owner: postgres
--

CREATE TABLE public.orchestrator_digitaltwininstance (
    id bigint NOT NULL,
    model_id bigint NOT NULL,
    active boolean NOT NULL,
    last_status_check timestamp with time zone NOT NULL,
    name character varying(255) NOT NULL
);


ALTER TABLE public.orchestrator_digitaltwininstance OWNER TO postgres;

--
-- Name: orchestrator_digitaltwininstance_id_seq; Type: SEQUENCE; Schema: public; Owner: postgres
--

ALTER TABLE public.orchestrator_digitaltwininstance ALTER COLUMN id ADD GENERATED BY DEFAULT AS IDENTITY (
    SEQUENCE NAME public.orchestrator_digitaltwininstance_id_seq
    START WITH 1
    INCREMENT BY 1
    NO MINVALUE
    NO MAXVALUE
    CACHE 1
);


--
-- Name: orchestrator_digitaltwininstanceproperty; Type: TABLE; Schema: public; Owner: postgres
--

CREATE TABLE public.orchestrator_digitaltwininstanceproperty (
    id bigint NOT NULL,
    value character varying(255) NOT NULL,
    device_property_id bigint,
    dtinstance_id bigint NOT NULL,
    property_id bigint NOT NULL
);


ALTER TABLE public.orchestrator_digitaltwininstanceproperty OWNER TO postgres;

--
-- Name: orchestrator_digitaltwininstanceproperty_id_seq; Type: SEQUENCE; Schema: public; Owner: postgres
--

ALTER TABLE public.orchestrator_digitaltwininstanceproperty ALTER COLUMN id ADD GENERATED BY DEFAULT AS IDENTITY (
    SEQUENCE NAME public.orchestrator_digitaltwininstanceproperty_id_seq
    START WITH 1
    INCREMENT BY 1
    NO MINVALUE
    NO MAXVALUE
    CACHE 1
);


--
-- Name: orchestrator_digitaltwininstancerelationship; Type: TABLE; Schema: public; Owner: postgres
--

CREATE TABLE public.orchestrator_digitaltwininstancerelationship (
    id bigint NOT NULL,
    relationship_id bigint NOT NULL,
    source_instance_id bigint NOT NULL,
    target_instance_id bigint NOT NULL
);


ALTER TABLE public.orchestrator_digitaltwininstancerelationship OWNER TO postgres;

--
-- Name: orchestrator_digitaltwininstancerelationship_id_seq; Type: SEQUENCE; Schema: public; Owner: postgres
--

ALTER TABLE public.orchestrator_digitaltwininstancerelationship ALTER COLUMN id ADD GENERATED BY DEFAULT AS IDENTITY (
    SEQUENCE NAME public.orchestrator_digitaltwininstancerelationship_id_seq
    START WITH 1
    INCREMENT BY 1
    NO MINVALUE
    NO MAXVALUE
    CACHE 1
);


--
-- Name: orchestrator_dtdlmodel; Type: TABLE; Schema: public; Owner: postgres
--

CREATE TABLE public.orchestrator_dtdlmodel (
    id bigint NOT NULL,
    dtdl_id character varying(255) NOT NULL,
    name character varying(255) NOT NULL,
    specification jsonb NOT NULL,
    parsed_specification jsonb,
    system_id bigint NOT NULL
);


ALTER TABLE public.orchestrator_dtdlmodel OWNER TO postgres;

--
-- Name: orchestrator_dtdlmodel_id_seq; Type: SEQUENCE; Schema: public; Owner: postgres
--

ALTER TABLE public.orchestrator_dtdlmodel ALTER COLUMN id ADD GENERATED BY DEFAULT AS IDENTITY (
    SEQUENCE NAME public.orchestrator_dtdlmodel_id_seq
    START WITH 1
    INCREMENT BY 1
    NO MINVALUE
    NO MAXVALUE
    CACHE 1
);


--
-- Name: orchestrator_modelelement; Type: TABLE; Schema: public; Owner: postgres
--

CREATE TABLE public.orchestrator_modelelement (
    id bigint NOT NULL,
    element_id character varying(255) NOT NULL,
    element_type character varying(50) NOT NULL,
    name character varying(255) NOT NULL,
    schema character varying(50),
    supplement_types jsonb,
    dtdl_model_id bigint NOT NULL
);


ALTER TABLE public.orchestrator_modelelement OWNER TO postgres;

--
-- Name: orchestrator_modelelement_id_seq; Type: SEQUENCE; Schema: public; Owner: postgres
--

ALTER TABLE public.orchestrator_modelelement ALTER COLUMN id ADD GENERATED BY DEFAULT AS IDENTITY (
    SEQUENCE NAME public.orchestrator_modelelement_id_seq
    START WITH 1
    INCREMENT BY 1
    NO MINVALUE
    NO MAXVALUE
    CACHE 1
);


--
-- Name: orchestrator_modelrelationship; Type: TABLE; Schema: public; Owner: postgres
--

CREATE TABLE public.orchestrator_modelrelationship (
    id bigint NOT NULL,
    relationship_id character varying(255) NOT NULL,
    name character varying(255) NOT NULL,
    source character varying(255) NOT NULL,
    target character varying(255) NOT NULL,
    dtdl_model_id bigint NOT NULL
);


ALTER TABLE public.orchestrator_modelrelationship OWNER TO postgres;

--
-- Name: orchestrator_modelrelationship_id_seq; Type: SEQUENCE; Schema: public; Owner: postgres
--

ALTER TABLE public.orchestrator_modelrelationship ALTER COLUMN id ADD GENERATED BY DEFAULT AS IDENTITY (
    SEQUENCE NAME public.orchestrator_modelrelationship_id_seq
    START WITH 1
    INCREMENT BY 1
    NO MINVALUE
    NO MAXVALUE
    CACHE 1
);


--
-- Name: orchestrator_systemcontext; Type: TABLE; Schema: public; Owner: postgres
--

CREATE TABLE public.orchestrator_systemcontext (
    id bigint NOT NULL,
    name character varying(255) NOT NULL,
    description text NOT NULL
);


ALTER TABLE public.orchestrator_systemcontext OWNER TO postgres;

--
-- Name: orchestrator_systemcontext_id_seq; Type: SEQUENCE; Schema: public; Owner: postgres
--

ALTER TABLE public.orchestrator_systemcontext ALTER COLUMN id ADD GENERATED BY DEFAULT AS IDENTITY (
    SEQUENCE NAME public.orchestrator_systemcontext_id_seq
    START WITH 1
    INCREMENT BY 1
    NO MINVALUE
    NO MAXVALUE
    CACHE 1
);


--
-- Data for Name: auth_group; Type: TABLE DATA; Schema: public; Owner: postgres
--

COPY public.auth_group (id, name) FROM stdin;
\.


--
-- Data for Name: auth_group_permissions; Type: TABLE DATA; Schema: public; Owner: postgres
--

COPY public.auth_group_permissions (id, group_id, permission_id) FROM stdin;
\.


--
-- Data for Name: auth_permission; Type: TABLE DATA; Schema: public; Owner: postgres
--

COPY public.auth_permission (id, name, content_type_id, codename) FROM stdin;
1	Can add log entry	1	add_logentry
2	Can change log entry	1	change_logentry
3	Can delete log entry	1	delete_logentry
4	Can view log entry	1	view_logentry
5	Can add permission	2	add_permission
6	Can change permission	2	change_permission
7	Can delete permission	2	delete_permission
8	Can view permission	2	view_permission
9	Can add group	3	add_group
10	Can change group	3	change_group
11	Can delete group	3	delete_group
12	Can view group	3	view_group
13	Can add user	4	add_user
14	Can change user	4	change_user
15	Can delete user	4	delete_user
16	Can view user	4	view_user
17	Can add content type	5	add_contenttype
18	Can change content type	5	change_contenttype
19	Can delete content type	5	delete_contenttype
20	Can view content type	5	view_contenttype
21	Can add session	6	add_session
22	Can change session	6	change_session
23	Can delete session	6	delete_session
24	Can view session	6	view_session
25	Can add dtdl parser client	7	add_dtdlparserclient
26	Can change dtdl parser client	7	change_dtdlparserclient
27	Can delete dtdl parser client	7	delete_dtdlparserclient
28	Can view dtdl parser client	7	view_dtdlparserclient
29	Can add gateway iot	8	add_gatewayiot
30	Can change gateway iot	8	change_gatewayiot
31	Can delete gateway iot	8	delete_gatewayiot
32	Can view gateway iot	8	view_gatewayiot
33	Can add device type	9	add_devicetype
34	Can change device type	9	change_devicetype
35	Can delete device type	9	delete_devicetype
36	Can view device type	9	view_devicetype
37	Can add device	10	add_device
38	Can change device	10	change_device
39	Can delete device	10	delete_device
40	Can view device	10	view_device
41	Can add property	11	add_property
42	Can change property	11	change_property
43	Can delete property	11	delete_property
44	Can view property	11	view_property
45	Can add Digital twin instance	12	add_digitaltwininstance
46	Can change Digital twin instance	12	change_digitaltwininstance
47	Can delete Digital twin instance	12	delete_digitaltwininstance
48	Can view Digital twin instance	12	view_digitaltwininstance
49	Can add DTDL model	13	add_dtdlmodel
50	Can change DTDL model	13	change_dtdlmodel
51	Can delete DTDL model	13	delete_dtdlmodel
52	Can view DTDL model	13	view_dtdlmodel
53	Can add System context	14	add_systemcontext
54	Can change System context	14	change_systemcontext
55	Can delete System context	14	delete_systemcontext
56	Can view System context	14	view_systemcontext
57	Can add Model relationship	15	add_modelrelationship
58	Can change Model relationship	15	change_modelrelationship
59	Can delete Model relationship	15	delete_modelrelationship
60	Can view Model relationship	15	view_modelrelationship
61	Can add Model element	16	add_modelelement
62	Can change Model element	16	change_modelelement
63	Can delete Model element	16	delete_modelelement
64	Can view Model element	16	view_modelelement
65	Can add Digital twin instance relationship	17	add_digitaltwininstancerelationship
66	Can change Digital twin instance relationship	17	change_digitaltwininstancerelationship
67	Can delete Digital twin instance relationship	17	delete_digitaltwininstancerelationship
68	Can view Digital twin instance relationship	17	view_digitaltwininstancerelationship
69	Can add Digital twin instance property	18	add_digitaltwininstanceproperty
70	Can change Digital twin instance property	18	change_digitaltwininstanceproperty
71	Can delete Digital twin instance property	18	delete_digitaltwininstanceproperty
72	Can view Digital twin instance property	18	view_digitaltwininstanceproperty
\.


--
-- Data for Name: auth_user; Type: TABLE DATA; Schema: public; Owner: postgres
--

COPY public.auth_user (id, password, last_login, is_superuser, username, first_name, last_name, email, is_staff, is_active, date_joined) FROM stdin;
1	pbkdf2_sha256$870000$9bSZ6CSOs6Jcc2A3K4ZKRq$Z3atVDeMZNUgS/0GzVuGsYTgvJT5ZBBw0yxUP7s9Tcw=	2025-08-08 17:12:52.536473-03	t	lucas				t	t	2024-10-08 16:23:02.694385-03
\.


--
-- Data for Name: auth_user_groups; Type: TABLE DATA; Schema: public; Owner: postgres
--

COPY public.auth_user_groups (id, user_id, group_id) FROM stdin;
\.


--
-- Data for Name: auth_user_user_permissions; Type: TABLE DATA; Schema: public; Owner: postgres
--

COPY public.auth_user_user_permissions (id, user_id, permission_id) FROM stdin;
\.


--
-- Data for Name: core_dtdlparserclient; Type: TABLE DATA; Schema: public; Owner: postgres
--

COPY public.core_dtdlparserclient (id, name, url, active) FROM stdin;
1	ParserClient 1	http://localhost:8082/api/DTDLModels/parse/	t
\.


--
-- Data for Name: core_gatewayiot; Type: TABLE DATA; Schema: public; Owner: postgres
--

COPY public.core_gatewayiot (id, name, url, username, password) FROM stdin;
1	Thingsboard Containernet	http://10.0.0.11	tenant@thingsboard.org	tenant
\.


--
-- Data for Name: django_admin_log; Type: TABLE DATA; Schema: public; Owner: postgres
--

COPY public.django_admin_log (id, action_time, object_id, object_repr, action_flag, change_message, content_type_id, user_id) FROM stdin;
1	2024-10-08 16:25:43.839402-03	1	ParserClient 1	1	[{"added": {}}]	7	1
2	2024-10-08 16:26:38.869814-03	1	demo thingsboard	1	[{"added": {}}]	8	1
3	2024-10-08 16:26:46.684787-03	1	LightBulb	1	[{"added": {}}]	9	1
4	2024-11-14 18:42:36.755776-03	1	Light 1	2	[{"changed": {"fields": ["Type"]}}]	10	1
5	2024-11-14 18:43:39.426889-03	1	Light 1	2	[{"added": {"name": "property", "object": "status - Light 1"}}]	10	1
6	2024-11-18 05:43:41.249292-03	2	DTDLModel object (2)	2	[]	13	1
7	2024-11-18 05:43:47.692074-03	1	DTDLModel object (1)	2	[]	13	1
8	2024-11-18 05:44:02.303476-03	3	DTDLModel object (3)	2	[]	13	1
9	2024-11-18 05:44:07.638946-03	4	DTDLModel object (4)	2	[]	13	1
10	2024-11-18 06:49:01.066178-03	4	DTDLModel object (4)	2	[{"changed": {"fields": ["Name"]}}]	13	1
11	2024-11-18 06:53:32.11872-03	4	DTDLModel object (4)	2	[{"changed": {"fields": ["Name"]}}]	13	1
12	2024-11-18 06:59:02.215878-03	2	Light 2	2	[{"changed": {"fields": ["Type"]}}]	10	1
13	2024-11-18 06:59:35.417383-03	2	Light 2	2	[{"added": {"name": "property", "object": "status - Light 2"}}]	10	1
14	2024-11-18 07:00:36.007622-03	2	Sensor	1	[{"added": {}}]	9	1
15	2024-11-18 07:00:41.371701-03	20	Temperature Sensor	2	[{"changed": {"fields": ["Type"]}}, {"added": {"name": "property", "object": "temperature - Temperature Sensor"}}]	10	1
16	2024-11-18 07:03:56.114199-03	3	DTDLModel object (3)	2	[{"changed": {"fields": ["Name"]}}]	13	1
17	2024-11-18 07:13:01.354569-03	5	DTDLModel object (5)	2	[{"changed": {"fields": ["Name"]}}]	13	1
18	2024-11-18 07:16:31.003494-03	5	Light 2 - 5	3		12	1
19	2024-11-18 07:25:53.07642-03	6	Light 2 - 6	3		12	1
20	2024-11-18 07:31:43.373323-03	8	Light 2 - 8	3		12	1
21	2024-11-18 07:31:43.373374-03	7	Light 2 - 7	3		12	1
22	2024-11-18 07:33:43.574851-03	9	Light 2 - 9	3		12	1
23	2024-11-18 07:36:34.769545-03	11	Light 2 - 11	3		12	1
24	2024-12-17 13:40:04.231464-03	4	Light 1 - 4	2	[{"changed": {"name": "Digital twin instance property", "object": "Light 1 - 4(Light 1) status - Light 1 (Causal) false", "fields": ["Value"]}}]	12	1
25	2024-12-17 13:43:58.356656-03	4	Light 1 - 4	2	[{"changed": {"name": "Digital twin instance property", "object": "Light 1 - 4(Light 1) status - Light 1 (Causal) true", "fields": ["Value"]}}]	12	1
26	2024-12-17 13:47:45.502315-03	4	Light 1 - 4	2	[{"changed": {"name": "Digital twin instance property", "object": "Light 1 - 4(Light 1) status - Light 1 (Causal) false", "fields": ["Value"]}}]	12	1
27	2024-12-17 14:32:47.193265-03	4	Light 1 - 4	2	[{"changed": {"name": "Digital twin instance property", "object": "Light 1 - 4(Light 1) status - Light 1 (Causal) true", "fields": ["Value"]}}]	12	1
28	2025-01-27 08:09:52.329907-03	2	Room - 2	2	[{"added": {"name": "Digital twin instance relationship", "object": "Relationship lights from Room - 2 to Light 1 - 4"}}, {"added": {"name": "Digital twin instance relationship", "object": "Relationship airconditioner from Room - 2 to Temperature Sensor - 3"}}]	12	1
29	2025-01-27 08:10:07.814179-03	1	House - 1	2	[{"added": {"name": "Digital twin instance relationship", "object": "Relationship rooms from House - 1 to Room - 2"}}]	12	1
30	2025-01-27 08:45:54.071899-03	1	House - 1	2	[{"added": {"name": "Digital twin instance relationship", "object": "Relationship rooms from House - 1 to Room - 2"}}]	12	1
31	2025-01-27 08:46:08.81172-03	1	House - 1	2	[]	12	1
32	2025-01-27 08:46:33.684015-03	2	Room - 2	2	[{"added": {"name": "Digital twin instance relationship", "object": "Relationship lights from Room - 2 to Light 1 - 4"}}, {"added": {"name": "Digital twin instance relationship", "object": "Relationship lights from Room - 2 to Light 2 - 10"}}, {"added": {"name": "Digital twin instance relationship", "object": "Relationship airconditioner from Room - 2 to Temperature Sensor - 3"}}]	12	1
33	2025-01-27 08:53:22.679672-03	2	Room - 2	2	[{"deleted": {"name": "Digital twin instance relationship", "object": "Relationship lights from Room - 2 to Light 2 - 10"}}]	12	1
34	2025-01-27 08:53:40.63685-03	2	Room - 2	2	[{"added": {"name": "Digital twin instance relationship", "object": "Relationship lights from Room - 2 to Light 2 - 10"}}]	12	1
35	2025-01-27 09:04:25.430599-03	1	House - 1	2	[{"added": {"name": "Digital twin instance relationship", "object": "Relationship rooms from House - 1 to Room - 12"}}]	12	1
36	2025-01-27 09:04:50.547774-03	12	Room - 12	2	[{"added": {"name": "Digital twin instance relationship", "object": "Relationship lights from Room - 12 to Light 2 - 10"}}]	12	1
37	2025-01-27 09:05:22.08443-03	2	Room - 2	2	[{"deleted": {"name": "Digital twin instance relationship", "object": "Relationship lights from Room - 2 to Light 2 - 10"}}]	12	1
38	2025-01-27 09:07:25.401698-03	12	Room - 12	2	[]	12	1
39	2025-01-27 09:08:48.331657-03	12	Room - 12	3		12	1
40	2025-01-27 09:09:37.785262-03	1	House - 1	2	[]	12	1
41	2025-01-27 09:59:22.228308-03	2	Room - 2	2	[]	12	1
42	2025-01-27 09:59:29.171575-03	2	Room - 2	2	[{"deleted": {"name": "Digital twin instance relationship", "object": "Relationship lights from Room - 2 to Light 2 - 10"}}]	12	1
43	2025-01-27 10:01:20.382864-03	2	Room - 2	2	[{"added": {"name": "Digital twin instance relationship", "object": "Relationship lights from Room - 2 to Light 2 - 10"}}]	12	1
44	2025-01-27 10:09:28.121726-03	2	Room - 2	2	[]	12	1
45	2025-01-27 10:09:58.384924-03	1	House - 1	2	[{"deleted": {"name": "Digital twin instance relationship", "object": "Relationship rooms from House - 1 to Room - 2"}}]	12	1
46	2025-01-27 10:10:05.625746-03	1	House - 1	2	[{"added": {"name": "Digital twin instance relationship", "object": "Relationship rooms from House - 1 to Room - 2"}}]	12	1
47	2025-01-27 10:10:45.707324-03	2	Room - 2	2	[{"deleted": {"name": "Digital twin instance relationship", "object": "Relationship lights from Room - 2 to Light 2 - 10"}}]	12	1
48	2025-01-27 10:11:08.064135-03	2	Room - 2	2	[{"added": {"name": "Digital twin instance relationship", "object": "Relationship lights from Room - 2 to Light 2 - 10"}}]	12	1
49	2025-01-27 10:11:32.430034-03	2	Room - 2	2	[{"deleted": {"name": "Digital twin instance relationship", "object": "Relationship lights from Room - 2 to Light 1 - 4"}}, {"deleted": {"name": "Digital twin instance relationship", "object": "Relationship airconditioner from Room - 2 to Temperature Sensor - 3"}}]	12	1
50	2025-01-27 10:11:39.910709-03	2	Room - 2	2	[{"added": {"name": "Digital twin instance relationship", "object": "Relationship lights from Room - 2 to Light 1 - 4"}}]	12	1
51	2025-02-02 14:25:22.102106-03	5	DTDLModel object (5)	3		13	1
52	2025-02-02 14:26:06.51253-03	5	DTDLModel object (5)	3		13	1
53	2025-02-02 15:14:09.315522-03	6	DTDLModel object (6)	2	[{"added": {"name": "Model relationship", "object": "test"}}]	13	1
54	2025-02-02 15:14:31.834718-03	6	DTDLModel object (6)	2	[{"deleted": {"name": "Model relationship", "object": "test"}}]	13	1
55	2025-02-02 15:49:35.350157-03	2	Room - 2	2	[{"added": {"name": "Digital twin instance relationship", "object": "Relationship lights from Room - 2 to LightBulb2 - 15"}}]	12	1
56	2025-02-02 15:49:43.696453-03	2	Room - 2	2	[{"deleted": {"name": "Digital twin instance relationship", "object": "Relationship lights from Room - 2 to LightBulb2 - 15"}}]	12	1
57	2025-02-02 15:49:53.782444-03	2	Room - 2	2	[{"added": {"name": "Digital twin instance relationship", "object": "Relationship lights from Room - 2 to LightBulb2 - 15"}}]	12	1
58	2025-02-02 15:50:55.879025-03	2	Room - 2	2	[]	12	1
59	2025-02-02 15:51:02.254212-03	2	Room - 2	2	[{"deleted": {"name": "Digital twin instance relationship", "object": "Relationship lights from Room - 2 to LightBulb2 - 15"}}]	12	1
60	2025-02-03 11:35:33.884074-03	15	LightBulb2 - 15	3		12	1
61	2025-02-03 11:35:33.884108-03	14	LightBulb2 - 14	3		12	1
62	2025-02-03 11:35:33.884117-03	13	LightBulb2 - 13	3		12	1
63	2025-02-03 11:36:32.054019-03	21	Light 3	2	[{"changed": {"fields": ["Type"]}}]	10	1
64	2025-02-03 11:37:01.322096-03	21	Light 3	2	[{"added": {"name": "property", "object": "status - Light 3"}}]	10	1
65	2025-02-03 11:38:44.580443-03	20	Temperature Sensor	2	[{"changed": {"fields": ["Type"]}}, {"added": {"name": "property", "object": "humidity - Temperature Sensor"}}]	10	1
66	2025-02-03 11:39:24.444036-03	22	Temperature Sensor 2	2	[{"changed": {"fields": ["Type"]}}, {"added": {"name": "property", "object": "temperature - Temperature Sensor 2"}}, {"added": {"name": "property", "object": "humidity - Temperature Sensor 2"}}]	10	1
67	2025-02-03 11:41:46.400261-03	16	LightBulb2 - 16	2	[{"changed": {"name": "Digital twin instance property", "object": "LightBulb2 - 16(Light 3) status - LightBulb2 (Causal) ", "fields": ["Device property"]}}]	12	1
68	2025-02-03 13:36:32.94504-03	20	LightBulb2 - 16(Light 3) status - LightBulb2 (Causal) false	2	[]	18	1
69	2025-02-03 13:37:05.257408-03	20	LightBulb2 - 16(Light 3) status - LightBulb2 (Causal) true	2	[{"changed": {"fields": ["Value"]}}]	18	1
70	2025-02-03 14:45:12.7891-03	4	Light 1 - 4	2	[{"changed": {"name": "Digital twin instance property", "object": "Light 1 - 4(Light 1) status - Light 1 (Causal) false", "fields": ["Value"]}}]	12	1
71	2025-02-09 14:48:15.95254-03	3	Temperature Sensor - 3	2	[{"changed": {"name": "Digital twin instance property", "object": "Temperature Sensor - 3(Temperature Sensor) status - Temperature Sensor (Causal) ", "fields": ["Device property"]}}]	12	1
72	2025-02-11 14:07:47.212929-03	2	airconditioner	3		15	1
73	2025-02-11 14:08:29.234175-03	2	Room - 2	2	[{"added": {"name": "Digital twin instance relationship", "object": "Relationship airconditioner from Room - 2 to Temperature Sensor - 3"}}, {"changed": {"name": "Digital twin instance relationship", "object": "Relationship lights from Room - 2 to Light 1 - 4", "fields": ["Relationship"]}}]	12	1
74	2025-02-11 14:09:31.221778-03	2	Room - 2	2	[{"deleted": {"name": "Digital twin instance relationship", "object": "Relationship lights from Room - 2 to Light 1 - 4"}}, {"deleted": {"name": "Digital twin instance relationship", "object": "Relationship lights from Room - 2 to Light 1 - 4"}}, {"deleted": {"name": "Digital twin instance relationship", "object": "Relationship airconditioner from Room - 2 to Temperature Sensor - 3"}}, {"deleted": {"name": "Digital twin instance relationship", "object": "Relationship airconditioner from Room - 2 to Temperature Sensor - 3"}}]	12	1
75	2025-02-11 14:10:09.757723-03	5	airconditioner	3		15	1
76	2025-02-11 14:10:24.479834-03	9	lights	3		15	1
77	2025-02-11 14:13:06.641408-03	7	rooms	3		15	1
78	2025-02-11 14:14:19.741269-03	7	DTDLModel object (7)	3		13	1
79	2025-02-11 14:14:19.741321-03	6	DTDLModel object (6)	3		13	1
80	2025-02-11 14:14:34.053046-03	4	DTDLModel object (4)	2	[{"changed": {"fields": ["Name"]}}]	13	1
81	2025-02-11 14:14:38.166773-03	11	DTDLModel object (11)	2	[]	13	1
82	2025-02-11 14:21:12.610506-03	1	DTDLModel object (1)	2	[]	13	1
83	2025-02-11 14:22:39.075525-03	4	DTDLModel object (4)	2	[]	13	1
84	2025-02-11 14:24:38.869638-03	2	DTDLModel object (2)	2	[]	13	1
85	2025-02-11 16:46:56.006304-03	2	Room - 2	2	[{"added": {"name": "Digital twin instance relationship", "object": "Relationship lights from Room - 2 to LightBulb - 4"}}]	12	1
86	2025-02-11 16:47:03.713351-03	2	Room - 2	2	[]	12	1
87	2025-02-12 00:37:23.019956-03	2	Room - 2	2	[{"deleted": {"name": "Digital twin instance property", "object": "Room - 2(Sem dispositivo) temperature - Room  "}}]	12	1
88	2025-02-12 00:52:48.820524-03	2	name - House	3		16	1
89	2025-02-14 15:13:43.544323-03	1	Light 1	2	[{"changed": {"fields": ["Type"]}}]	10	1
90	2025-02-14 16:55:36.40335-03	2	SystemContext object (2)	2	[{"changed": {"fields": ["Description"]}}]	14	1
91	2025-02-14 16:55:41.145012-03	1	SystemContext object (1)	2	[{"changed": {"fields": ["Description"]}}]	14	1
92	2025-02-16 13:29:54.012088-03	2	Light 2	2	[{"changed": {"fields": ["Type"]}}]	10	1
93	2025-02-16 13:29:59.237986-03	21	Light 3	2	[{"changed": {"fields": ["Type"]}}]	10	1
94	2025-02-23 16:33:00.777061-03	16	Pool1	2	[]	13	1
95	2025-02-23 16:38:26.056042-03	21	House1 - 21	2	[{"added": {"name": "Digital twin instance relationship", "object": "Relationship has_rooms from House1 - 21 to Room1 - 18"}}, {"changed": {"name": "Digital twin instance relationship", "object": "Relationship has_rooms from House1 - 21 to Room1 - 17", "fields": ["Target instance"]}}]	12	1
96	2025-02-23 16:39:59.607922-03	17	Room1 - 17	2	[{"changed": {"name": "Digital twin instance relationship", "object": "Relationship has_lights from Room1 - 17 to LightBulb1 - 24", "fields": ["Target instance"]}}]	12	1
97	2025-02-23 16:40:20.755044-03	17	Room1 - 17	2	[{"added": {"name": "Digital twin instance relationship", "object": "Relationship has_lights from Room1 - 17 to LightBulb1 - 23"}}]	12	1
98	2025-02-23 16:40:30.598568-03	18	Room1 - 18	2	[{"added": {"name": "Digital twin instance relationship", "object": "Relationship has_lights from Room1 - 18 to LightBulb1 - 22"}}]	12	1
99	2025-02-23 16:40:44.121723-03	17	Room1 - 17	2	[{"deleted": {"name": "Digital twin instance relationship", "object": "Relationship has_lights from Room1 - 17 to LightBulb - 4"}}]	12	1
100	2025-02-23 16:41:26.921501-03	17	Room1 - 17	2	[{"changed": {"name": "Digital twin instance relationship", "object": "Relationship has_airconditioner from Room1 - 17 to AirConditioner1 - 25", "fields": ["Target instance"]}}]	12	1
101	2025-02-23 16:41:40.20651-03	18	Room1 - 18	2	[{"added": {"name": "Digital twin instance relationship", "object": "Relationship has_airconditioner from Room1 - 18 to AirConditioner1 - 26"}}]	12	1
102	2025-02-23 16:42:15.377819-03	19	Garden1 - 19	2	[{"added": {"name": "Digital twin instance relationship", "object": "Relationship has_irrigationSystem from Garden1 - 19 to Irrigation1 - 27"}}]	12	1
103	2025-02-23 16:45:23.962316-03	16	Pool1	2	[]	13	1
104	2025-02-23 16:46:08.081022-03	16	Pool1	2	[{"changed": {"fields": ["Specification"]}}]	13	1
105	2025-02-23 16:48:12.172217-03	20	Pool1 - 20	2	[{"added": {"name": "Digital twin instance relationship", "object": "Relationship has_pump from Pool1 - 20 to PoolPump1 - 28"}}]	12	1
106	2025-02-23 17:27:53.083067-03	53	Relationship has_airconditioner from Room1 - 17 to Temperature Sensor - 3	3		17	1
107	2025-02-23 17:27:53.083098-03	52	Relationship has_lights from Room1 - 17 to LightBulb - 4	3		17	1
108	2025-02-23 17:30:36.79737-03	21	House1 - 21	2	[]	12	1
109	2025-02-23 17:30:58.596306-03	42	Relationship airconditioner from Room - 2 to Temperature Sensor - 3	3		17	1
110	2025-02-23 17:30:58.596329-03	41	Relationship lights from Room - 2 to LightBulb - 4	3		17	1
111	2025-02-23 17:30:58.596339-03	29	Relationship rooms from House - 1 to Room - 2	3		17	1
112	2025-02-24 01:25:42.44146-03	26	AirConditioner1 - 26	2	[{"changed": {"name": "Digital twin instance property", "object": "AirConditioner1 - 26(AirConditioner2) temperature - AirConditioner1 (Causal) ", "fields": ["Device property"]}}]	12	1
113	2025-02-24 01:26:34.953334-03	40	AirConditioner1 - 26(AirConditioner2) temperature - AirConditioner1 (Causal) 22	2	[{"changed": {"fields": ["Value"]}}]	18	1
114	2025-02-24 01:31:04.41477-03	40	AirConditioner1 - 26(AirConditioner2) temperature - AirConditioner1 (Causal) 25	2	[{"changed": {"fields": ["Value"]}}]	18	1
115	2025-02-24 23:45:55.020756-03	19	Charging Port 2	3		10	1
116	2025-02-24 23:45:55.020785-03	18	Charging Port 1	3		10	1
117	2025-02-24 23:45:55.020795-03	17	Air Quality Sensor T1	3		10	1
118	2025-02-24 23:45:55.020803-03	16	Air Quality Sensor C1	3		10	1
119	2025-02-24 23:45:55.020811-03	15	Sensor C1	3		10	1
120	2025-02-24 23:45:55.020819-03	14	Sensor T1	3		10	1
121	2025-02-24 23:45:55.020827-03	13	Test Device C1	3		10	1
122	2025-02-24 23:45:55.020837-03	12	Test Device B1	3		10	1
123	2025-02-24 23:45:55.020846-03	11	Test Device A3	3		10	1
124	2025-02-24 23:45:55.020854-03	10	Test Device A2	3		10	1
125	2025-02-24 23:45:55.020861-03	9	Test Device A1	3		10	1
126	2025-02-24 23:45:55.020868-03	8	ESP8266 Demo Device	3		10	1
127	2025-02-24 23:45:55.020875-03	7	Arduino UNO Demo Device	3		10	1
128	2025-02-24 23:45:55.020881-03	6	LinkIt One Demo Device	3		10	1
129	2025-02-24 23:45:55.020888-03	5	Raspberry Pi Demo Device	3		10	1
130	2025-02-24 23:45:55.020894-03	4	DHT22 Demo Device	3		10	1
131	2025-02-24 23:45:55.020902-03	3	DHT11 Demo Device	3		10	1
132	2025-02-24 23:46:09.123266-03	3	AirConditioner	1	[{"added": {}}]	9	1
133	2025-02-24 23:47:20.055726-03	23	AirConditioner2	2	[{"changed": {"fields": ["Type"]}}, {"added": {"name": "property", "object": "status - AirConditioner2"}}]	10	1
134	2025-02-24 23:48:10.772942-03	23	AirConditioner2	2	[{"added": {"name": "property", "object": "humidity - AirConditioner2"}}, {"added": {"name": "property", "object": "temperature - AirConditioner2"}}]	10	1
135	2025-02-24 23:48:23.700071-03	21	Light 3	2	[{"changed": {"fields": ["Type"]}}]	10	1
136	2025-02-24 23:48:32.198487-03	2	Light 2	2	[{"changed": {"fields": ["Type"]}}]	10	1
137	2025-02-24 23:48:37.816158-03	1	Light 1	2	[{"changed": {"fields": ["Type"]}}]	10	1
138	2025-02-24 23:56:12.899116-03	35	LightBulb1 - 22(Light 1) status - LightBulb1 (Causal) true	2	[{"changed": {"fields": ["Device property"]}}]	18	1
139	2025-02-24 23:56:23.264889-03	36	LightBulb1 - 23(Light 2) status - LightBulb1 (Causal) 	2	[{"changed": {"fields": ["Device property"]}}]	18	1
140	2025-02-24 23:56:29.577632-03	37	LightBulb1 - 24(Light 3) status - LightBulb1 (Causal) 	2	[{"changed": {"fields": ["Device property"]}}]	18	1
141	2025-02-25 00:40:31.642586-03	38	AirConditioner1 - 25(AirConditioner2) temperature - AirConditioner1 (Causal) 	2	[{"changed": {"fields": ["Device property"]}}]	18	1
142	2025-02-25 00:40:56.766336-03	39	AirConditioner1 - 25(AirConditioner2) status - AirConditioner1 (Causal) 	2	[{"changed": {"fields": ["Device property"]}}]	18	1
143	2025-02-25 02:04:13.950497-03	22	Airconditioner 3	2	[{"changed": {"fields": ["Name", "Type"]}}]	10	1
144	2025-02-25 02:07:53.725992-03	20	AirConditioner1	2	[{"changed": {"fields": ["Type"]}}]	10	1
145	2025-02-25 02:09:07.399025-03	26	AirConditioner1 - 26	2	[{"changed": {"name": "Digital twin instance property", "object": "AirConditioner1 - 26(Airconditioner 3) temperature - AirConditioner1 (Causal) 29.39999962", "fields": ["Device property"]}}]	12	1
146	2025-02-26 16:25:32.871932-03	37	LightBulb1 - 24(Light 3) status - LightBulb1 (Causal) true	2	[{"changed": {"fields": ["Value"]}}]	18	1
147	2025-02-26 16:28:23.402479-03	37	LightBulb1 - 24(Light 3) status - LightBulb1 (Causal) false	2	[{"changed": {"fields": ["Value"]}}]	18	1
148	2025-02-26 16:30:23.584793-03	37	LightBulb1 - 24(Light 3) status - LightBulb1 (Causal) true	2	[{"changed": {"fields": ["Value"]}}]	18	1
149	2025-02-26 16:32:00.051543-03	37	LightBulb1 - 24(Light 3) status - LightBulb1 (Causal) false	2	[{"changed": {"fields": ["Value"]}}]	18	1
150	2025-02-26 16:33:46.205478-03	37	LightBulb1 - 24(Light 3) status - LightBulb1 (Causal) true	2	[]	18	1
151	2025-02-26 16:34:22.750465-03	37	LightBulb1 - 24(Light 3) status - LightBulb1 (Causal) false	2	[{"changed": {"fields": ["Value"]}}]	18	1
152	2025-02-26 16:37:27.679583-03	37	LightBulb1 - 24(Light 3) status - LightBulb1 (Causal) false	2	[{"changed": {"fields": ["Value"]}}]	18	1
153	2025-02-26 16:54:55.740686-03	37	LightBulb1 - 24(Light 3) status - LightBulb1 (Causal) false	2	[{"changed": {"fields": ["Value"]}}]	18	1
154	2025-02-26 16:55:39.296461-03	37	LightBulb1 - 24(Light 3) status - LightBulb1 (Causal) false	2	[{"changed": {"fields": ["Value"]}}]	18	1
155	2025-02-26 17:28:29.538628-03	37	LightBulb1 - 24(Light 3) status - LightBulb1 (Causal) false	2	[{"changed": {"fields": ["Value"]}}]	18	1
156	2025-02-26 17:28:52.133518-03	37	LightBulb1 - 24(Light 3) status - LightBulb1 (Causal) true	2	[{"changed": {"fields": ["Value"]}}]	18	1
157	2025-02-26 18:16:02.08324-03	37	LightBulb1 - 24(Light 3) status - LightBulb1 (Causal) false	2	[]	18	1
158	2025-02-26 18:16:23.089211-03	37	LightBulb1 - 24(Light 3) status - LightBulb1 (Causal) false	2	[{"changed": {"fields": ["Value"]}}]	18	1
159	2025-02-26 18:17:07.569169-03	37	LightBulb1 - 24(Light 3) status - LightBulb1 (Causal) true	2	[{"changed": {"fields": ["Value"]}}]	18	1
160	2025-02-26 18:17:53.523649-03	37	LightBulb1 - 24(Light 3) status - LightBulb1 (Causal) true	2	[{"changed": {"fields": ["Value"]}}]	18	1
161	2025-02-27 02:25:53.252709-03	37	LightBulb1 - 24(Light 3) status - LightBulb1 (Causal) false	2	[{"changed": {"fields": ["Value"]}}]	18	1
162	2025-03-05 23:19:25.768279-03	32	Pool - 32	3		12	1
163	2025-03-05 23:19:25.768364-03	31	Pool - 31	3		12	1
164	2025-03-05 23:19:25.768398-03	30	Pool - 30	3		12	1
165	2025-03-05 23:19:25.768424-03	29	Pool1 - 29	3		12	1
166	2025-04-26 14:47:58.320974-03	21	Light 3	2	[{"changed": {"fields": ["InactivityTimeout"]}}]	10	1
167	2025-04-26 15:00:17.20901-03	1	Light 1	2	[{"changed": {"fields": ["InactivityTimeout"]}}]	10	1
168	2025-04-26 15:00:38.45711-03	21	Light 3	2	[]	10	1
169	2025-04-26 15:01:49.11471-03	21	Light 3	2	[]	10	1
170	2025-05-04 09:47:11.99124-03	21	Light 3	2	[{"changed": {"fields": ["InactivityTimeout"]}}]	10	1
171	2025-05-04 17:00:55.811981-03	21	Light 3	2	[{"changed": {"fields": ["InactivityTimeout"]}}]	10	1
264	2025-08-17 10:11:57.952816-03	57	temperature - AirConditioner2_3	3		11	1
172	2025-05-05 09:27:21.929245-03	21	Light 3	2	[{"changed": {"fields": ["InactivityTimeout"]}}]	10	1
173	2025-05-05 10:08:39.876496-03	21	Light 3	2	[{"changed": {"fields": ["InactivityTimeout"]}}]	10	1
174	2025-06-09 14:55:53.537465-03	45	Room condominium - 45 (Active)	3		12	1
175	2025-06-09 14:55:53.537495-03	44	Pool condominium - 44 (Active)	3		12	1
176	2025-06-09 14:55:53.537508-03	43	Garden condominium - 43 (Active)	3		12	1
177	2025-06-09 14:55:53.53752-03	42	Irrigation condominium - 42 (Active)	3		12	1
178	2025-06-09 14:55:53.537529-03	41	Pump condominium - 41 (Active)	3		12	1
179	2025-06-09 14:55:53.537537-03	40	AirConditioner condominium - 40 (Active)	3		12	1
180	2025-06-09 14:55:53.537546-03	39	LightBulb condominium - 39 (Active)	3		12	1
181	2025-06-09 14:55:53.537556-03	38	LightBulb condominium - 38 (Active)	3		12	1
182	2025-06-09 14:59:12.636197-03	4	Pump	1	[{"added": {}}]	9	1
183	2025-06-09 15:35:35.59061-03	39	LightBulb_10	2	[]	10	1
184	2025-06-09 15:41:30.792992-03	39	LightBulb_10	2	[]	10	1
185	2025-06-09 15:41:35.451852-03	87	LightBulb_8	2	[]	10	1
186	2025-06-09 15:42:29.806467-03	87	LightBulb_8	2	[]	10	1
187	2025-06-09 15:43:10.60511-03	87	LightBulb_8	2	[]	10	1
188	2025-06-09 15:44:42.541497-03	87	LightBulb_8	2	[]	10	1
189	2025-06-09 15:44:54.1503-03	87	LightBulb_8	2	[]	10	1
190	2025-06-09 15:49:09.444608-03	87	LightBulb_8	2	[]	10	1
191	2025-06-09 15:50:15.974664-03	87	LightBulb_8	2	[]	10	1
192	2025-06-09 15:51:51.172539-03	87	LightBulb_8	2	[]	10	1
193	2025-06-09 15:53:45.170314-03	87	LightBulb_8	2	[]	10	1
194	2025-06-09 15:54:05.482843-03	86	AirConditioner2_8	2	[]	10	1
195	2025-06-09 15:54:33.519369-03	85	AirConditioner1_8	2	[]	10	1
196	2025-06-09 15:56:50.755812-03	86	AirConditioner2_8	2	[]	10	1
197	2025-06-09 15:57:51.560001-03	86	AirConditioner2_8	2	[]	10	1
198	2025-06-09 15:59:45.919614-03	86	AirConditioner2_8	2	[]	10	1
199	2025-06-09 16:00:41.419564-03	86	AirConditioner2_8	2	[]	10	1
200	2025-06-09 16:01:00.858357-03	86	AirConditioner2_8	2	[]	10	1
201	2025-06-09 16:05:35.260248-03	86	AirConditioner2_8	2	[]	10	1
202	2025-06-09 16:09:10.087645-03	86	AirConditioner2_8	2	[]	10	1
203	2025-06-09 16:09:40.100431-03	86	AirConditioner2_8	2	[]	10	1
204	2025-06-09 16:10:20.953661-03	85	AirConditioner1_8	2	[]	10	1
205	2025-06-09 17:04:39.042159-03	48	AirConditioner condominium - 48 (Active)	3		12	1
206	2025-06-09 17:04:39.042183-03	47	LightBulb condominium - 47 (Active)	3		12	1
207	2025-06-09 17:04:39.042193-03	46	LightBulb condominium - 46 (Active)	3		12	1
208	2025-08-17 10:05:08.09443-03	2	House scenario 2	3		14	1
209	2025-08-17 10:05:08.094456-03	1	House Scenario 1	3		14	1
215	2025-08-17 10:11:18.370275-03	1	House Scenario 1	3		14	1
216	2025-08-17 10:11:26.35398-03	2	House scenario 2	3		14	1
217	2025-08-17 10:11:43.885217-03	52	LightBulb condominium - 52 (Active) - LightBulb condominium 4	3		12	1
218	2025-08-17 10:11:43.885247-03	51	LightBulb condominium - 51 (Active) - LightBulb condominium 3	3		12	1
219	2025-08-17 10:11:43.885258-03	50	LightBulb condominium - 50 (Active) - LightBulb condominium 2	3		12	1
220	2025-08-17 10:11:43.885268-03	49	LightBulb condominium - 49 (Active) - LightBulb condominium 1	3		12	1
221	2025-08-17 10:11:57.952524-03	100	status - Irrigation_3	3		11	1
222	2025-08-17 10:11:57.952547-03	99	status - LightBulb_10	3		11	1
223	2025-08-17 10:11:57.952556-03	98	status - Irrigation_8	3		11	1
224	2025-08-17 10:11:57.952563-03	97	status - Pump_8	3		11	1
225	2025-08-17 10:11:57.952569-03	96	status - LightBulb_7	3		11	1
226	2025-08-17 10:11:57.952576-03	95	status - AirConditioner2_7	3		11	1
227	2025-08-17 10:11:57.952583-03	94	humidity - AirConditioner2_7	3		11	1
228	2025-08-17 10:11:57.95259-03	93	temperature - AirConditioner2_7	3		11	1
229	2025-08-17 10:11:57.952596-03	92	status - AirConditioner1_7	3		11	1
230	2025-08-17 10:11:57.952602-03	91	humidity - AirConditioner1_7	3		11	1
231	2025-08-17 10:11:57.952608-03	90	temperature - AirConditioner1_7	3		11	1
232	2025-08-17 10:11:57.952614-03	89	status - Irrigation_7	3		11	1
233	2025-08-17 10:11:57.95262-03	88	status - Pump_7	3		11	1
234	2025-08-17 10:11:57.952626-03	87	status - LightBulb_6	3		11	1
235	2025-08-17 10:11:57.952633-03	86	status - AirConditioner2_6	3		11	1
236	2025-08-17 10:11:57.952639-03	85	humidity - AirConditioner2_6	3		11	1
237	2025-08-17 10:11:57.952645-03	84	temperature - AirConditioner2_6	3		11	1
238	2025-08-17 10:11:57.952651-03	83	status - AirConditioner1_6	3		11	1
239	2025-08-17 10:11:57.952657-03	82	humidity - AirConditioner1_6	3		11	1
240	2025-08-17 10:11:57.952663-03	81	temperature - AirConditioner1_6	3		11	1
241	2025-08-17 10:11:57.952674-03	80	status - Irrigation_6	3		11	1
242	2025-08-17 10:11:57.952683-03	79	status - Pump_6	3		11	1
243	2025-08-17 10:11:57.952689-03	78	status - LightBulb_5	3		11	1
244	2025-08-17 10:11:57.952696-03	77	status - AirConditioner2_5	3		11	1
245	2025-08-17 10:11:57.952702-03	76	humidity - AirConditioner2_5	3		11	1
246	2025-08-17 10:11:57.952708-03	75	temperature - AirConditioner2_5	3		11	1
247	2025-08-17 10:11:57.952714-03	74	status - AirConditioner1_5	3		11	1
248	2025-08-17 10:11:57.95272-03	73	humidity - AirConditioner1_5	3		11	1
249	2025-08-17 10:11:57.952726-03	72	temperature - AirConditioner1_5	3		11	1
250	2025-08-17 10:11:57.952732-03	71	status - Irrigation_5	3		11	1
251	2025-08-17 10:11:57.952738-03	70	status - Pump_5	3		11	1
252	2025-08-17 10:11:57.952744-03	69	status - LightBulb_4	3		11	1
253	2025-08-17 10:11:57.95275-03	68	status - AirConditioner2_4	3		11	1
254	2025-08-17 10:11:57.952756-03	67	humidity - AirConditioner2_4	3		11	1
255	2025-08-17 10:11:57.952762-03	66	temperature - AirConditioner2_4	3		11	1
256	2025-08-17 10:11:57.952768-03	65	status - AirConditioner1_4	3		11	1
257	2025-08-17 10:11:57.952774-03	64	humidity - AirConditioner1_4	3		11	1
258	2025-08-17 10:11:57.95278-03	63	temperature - AirConditioner1_4	3		11	1
259	2025-08-17 10:11:57.952786-03	62	status - Irrigation_4	3		11	1
260	2025-08-17 10:11:57.952792-03	61	status - Pump_4	3		11	1
261	2025-08-17 10:11:57.952798-03	60	status - LightBulb_3	3		11	1
262	2025-08-17 10:11:57.952804-03	59	status - AirConditioner2_3	3		11	1
263	2025-08-17 10:11:57.95281-03	58	humidity - AirConditioner2_3	3		11	1
265	2025-08-17 10:11:57.952822-03	56	status - AirConditioner1_3	3		11	1
266	2025-08-17 10:11:57.952848-03	55	humidity - AirConditioner1_3	3		11	1
267	2025-08-17 10:11:57.952859-03	54	temperature - AirConditioner1_3	3		11	1
268	2025-08-17 10:11:57.952867-03	53	status - Pump_3	3		11	1
269	2025-08-17 10:11:57.952874-03	52	status - LightBulb_2	3		11	1
270	2025-08-17 10:11:57.95288-03	51	status - AirConditioner2_2	3		11	1
271	2025-08-17 10:11:57.952887-03	50	humidity - AirConditioner2_2	3		11	1
272	2025-08-17 10:11:57.952893-03	49	temperature - AirConditioner2_2	3		11	1
273	2025-08-17 10:11:57.952899-03	48	status - AirConditioner1_2	3		11	1
274	2025-08-17 10:11:57.952906-03	47	humidity - AirConditioner1_2	3		11	1
275	2025-08-17 10:11:57.952913-03	46	temperature - AirConditioner1_2	3		11	1
276	2025-08-17 10:11:57.952919-03	45	status - Irrigation_2	3		11	1
277	2025-08-17 10:11:57.952926-03	44	status - Pump_2	3		11	1
278	2025-08-17 10:11:57.952932-03	43	status - LightBulb_1	3		11	1
279	2025-08-17 10:11:57.952938-03	42	status - AirConditioner2_1	3		11	1
280	2025-08-17 10:11:57.952945-03	41	humidity - AirConditioner2_1	3		11	1
281	2025-08-17 10:11:57.952951-03	40	temperature - AirConditioner2_1	3		11	1
282	2025-08-17 10:11:57.952957-03	39	status - AirConditioner1_1	3		11	1
283	2025-08-17 10:11:57.952964-03	38	humidity - AirConditioner1_1	3		11	1
284	2025-08-17 10:11:57.952971-03	37	temperature - AirConditioner1_1	3		11	1
285	2025-08-17 10:11:57.952977-03	36	status - Irrigation_1	3		11	1
286	2025-08-17 10:11:57.952984-03	35	status - Pump_1	3		11	1
287	2025-08-17 10:11:57.95299-03	34	status - AirConditioner2_10	3		11	1
288	2025-08-17 10:11:57.952996-03	33	humidity - AirConditioner2_10	3		11	1
289	2025-08-17 10:11:57.953002-03	32	temperature - AirConditioner2_10	3		11	1
290	2025-08-17 10:11:57.953008-03	31	status - AirConditioner1_10	3		11	1
291	2025-08-17 10:11:57.953014-03	30	humidity - AirConditioner1_10	3		11	1
292	2025-08-17 10:11:57.95302-03	29	temperature - AirConditioner1_10	3		11	1
293	2025-08-17 10:11:57.953026-03	28	status - Irrigation_10	3		11	1
294	2025-08-17 10:11:57.953033-03	27	status - Pump_10	3		11	1
295	2025-08-17 10:11:57.953039-03	26	status - LightBulb_9	3		11	1
296	2025-08-17 10:11:57.953045-03	25	status - AirConditioner2_9	3		11	1
297	2025-08-17 10:11:57.953051-03	24	humidity - AirConditioner2_9	3		11	1
298	2025-08-17 10:11:57.953058-03	23	temperature - AirConditioner2_9	3		11	1
299	2025-08-17 10:11:57.953064-03	22	status - AirConditioner1_9	3		11	1
300	2025-08-17 10:11:57.95307-03	21	humidity - AirConditioner1_9	3		11	1
301	2025-08-17 10:11:57.953076-03	20	temperature - AirConditioner1_9	3		11	1
302	2025-08-17 10:11:57.953082-03	19	status - Irrigation_9	3		11	1
303	2025-08-17 10:11:57.953088-03	18	status - Pump_9	3		11	1
304	2025-08-17 10:11:57.953095-03	17	status - AirConditioner1_8	3		11	1
305	2025-08-17 10:11:57.953101-03	16	humidity - AirConditioner1_8	3		11	1
306	2025-08-17 10:11:57.953107-03	15	temperature - AirConditioner1_8	3		11	1
307	2025-08-17 10:11:57.953113-03	14	status - AirConditioner2_8	3		11	1
308	2025-08-17 10:11:57.953119-03	13	humidity - AirConditioner2_8	3		11	1
309	2025-08-17 10:11:57.953125-03	12	temperature - AirConditioner2_8	3		11	1
310	2025-08-17 10:11:57.95313-03	11	status - LightBulb_8	3		11	1
311	2025-08-17 10:11:57.953136-03	10	temperature - AirConditioner2	3		11	1
312	2025-08-17 10:11:57.953142-03	9	humidity - AirConditioner2	3		11	1
313	2025-08-17 10:11:57.953149-03	8	status - AirConditioner2	3		11	1
314	2025-08-17 10:11:57.953155-03	7	humidity - Airconditioner 3	3		11	1
315	2025-08-17 10:11:57.953161-03	6	temperature - Airconditioner 3	3		11	1
316	2025-08-17 10:11:57.953167-03	5	humidity - AirConditioner1	3		11	1
317	2025-08-17 10:11:57.953173-03	4	status - Light 3	3		11	1
318	2025-08-17 10:11:57.95318-03	3	temperature - AirConditioner1	3		11	1
319	2025-08-17 10:11:57.953186-03	2	status - Light 2	3		11	1
320	2025-08-17 10:11:57.953192-03	1	status - Light 1	3		11	1
321	2025-08-17 10:12:05.270988-03	87	LightBulb_8	3		10	1
322	2025-08-17 10:12:05.271011-03	86	AirConditioner2_8	3		10	1
323	2025-08-17 10:12:05.27102-03	85	AirConditioner1_8	3		10	1
324	2025-08-17 10:12:05.271026-03	84	SoilHumiditySensor_8	3		10	1
325	2025-08-17 10:12:05.271032-03	83	Irrigation_8	3		10	1
326	2025-08-17 10:12:05.271038-03	82	Pump_8	3		10	1
327	2025-08-17 10:12:05.271043-03	81	LightBulb_7	3		10	1
328	2025-08-17 10:12:05.271049-03	80	AirConditioner2_7	3		10	1
329	2025-08-17 10:12:05.271055-03	79	AirConditioner1_7	3		10	1
330	2025-08-17 10:12:05.27106-03	78	SoilHumiditySensor_7	3		10	1
331	2025-08-17 10:12:05.271066-03	77	Irrigation_7	3		10	1
332	2025-08-17 10:12:05.271072-03	76	Pump_7	3		10	1
333	2025-08-17 10:12:05.271077-03	75	LightBulb_6	3		10	1
334	2025-08-17 10:12:05.271083-03	74	AirConditioner2_6	3		10	1
335	2025-08-17 10:12:05.271089-03	73	AirConditioner1_6	3		10	1
336	2025-08-17 10:12:05.271095-03	72	SoilHumiditySensor_6	3		10	1
337	2025-08-17 10:12:05.271101-03	71	Irrigation_6	3		10	1
338	2025-08-17 10:12:05.271107-03	70	Pump_6	3		10	1
339	2025-08-17 10:12:05.271113-03	69	LightBulb_5	3		10	1
340	2025-08-17 10:12:05.271118-03	68	AirConditioner2_5	3		10	1
341	2025-08-17 10:12:05.271124-03	67	AirConditioner1_5	3		10	1
342	2025-08-17 10:12:05.271129-03	66	SoilHumiditySensor_5	3		10	1
343	2025-08-17 10:12:05.271135-03	65	Irrigation_5	3		10	1
344	2025-08-17 10:12:05.271141-03	64	Pump_5	3		10	1
345	2025-08-17 10:12:05.271146-03	63	LightBulb_4	3		10	1
346	2025-08-17 10:12:05.271152-03	62	AirConditioner2_4	3		10	1
347	2025-08-17 10:12:05.271157-03	61	AirConditioner1_4	3		10	1
348	2025-08-17 10:12:05.271163-03	60	SoilHumiditySensor_4	3		10	1
349	2025-08-17 10:12:05.271169-03	59	Irrigation_4	3		10	1
350	2025-08-17 10:12:05.271175-03	58	Pump_4	3		10	1
351	2025-08-17 10:12:05.27118-03	57	LightBulb_3	3		10	1
352	2025-08-17 10:12:05.271185-03	56	AirConditioner2_3	3		10	1
353	2025-08-17 10:12:05.271194-03	55	AirConditioner1_3	3		10	1
354	2025-08-17 10:12:05.271204-03	54	SoilHumiditySensor_3	3		10	1
355	2025-08-17 10:12:05.271212-03	53	Irrigation_3	3		10	1
356	2025-08-17 10:12:05.271218-03	52	Pump_3	3		10	1
357	2025-08-17 10:12:05.271224-03	51	LightBulb_2	3		10	1
358	2025-08-17 10:12:05.271229-03	50	AirConditioner2_2	3		10	1
359	2025-08-17 10:12:05.271235-03	49	AirConditioner1_2	3		10	1
360	2025-08-17 10:12:05.27124-03	48	SoilHumiditySensor_2	3		10	1
361	2025-08-17 10:12:05.271245-03	47	Irrigation_2	3		10	1
362	2025-08-17 10:12:05.271251-03	46	Pump_2	3		10	1
363	2025-08-17 10:12:05.271269-03	45	LightBulb_1	3		10	1
364	2025-08-17 10:12:05.271283-03	44	AirConditioner2_1	3		10	1
365	2025-08-17 10:12:05.271291-03	43	AirConditioner1_1	3		10	1
366	2025-08-17 10:12:05.271298-03	42	SoilHumiditySensor_1	3		10	1
367	2025-08-17 10:12:05.271392-03	41	Irrigation_1	3		10	1
368	2025-08-17 10:12:05.271403-03	40	Pump_1	3		10	1
369	2025-08-17 10:12:05.271409-03	39	LightBulb_10	3		10	1
370	2025-08-17 10:12:05.271414-03	38	AirConditioner2_10	3		10	1
371	2025-08-17 10:12:05.27142-03	37	AirConditioner1_10	3		10	1
372	2025-08-17 10:12:05.271426-03	36	SoilHumiditySensor_10	3		10	1
373	2025-08-17 10:12:05.271432-03	35	Irrigation_10	3		10	1
374	2025-08-17 10:12:05.271437-03	34	Pump_10	3		10	1
375	2025-08-17 10:12:05.271443-03	33	LightBulb_9	3		10	1
376	2025-08-17 10:12:05.271448-03	32	AirConditioner2_9	3		10	1
377	2025-08-17 10:12:05.271454-03	31	AirConditioner1_9	3		10	1
378	2025-08-17 10:12:05.271459-03	30	SoilHumiditySensor_9	3		10	1
379	2025-08-17 10:12:05.271465-03	29	Irrigation_9	3		10	1
380	2025-08-17 10:12:05.27147-03	28	Pump_9	3		10	1
381	2025-08-17 10:12:05.271475-03	27	Irrigation	3		10	1
382	2025-08-17 10:12:05.271481-03	26	Pump	3		10	1
383	2025-08-17 10:12:05.271486-03	25	soilHumidity Sensor	3		10	1
384	2025-08-17 10:12:05.271492-03	24	Pool	3		10	1
385	2025-08-17 10:12:05.271497-03	23	AirConditioner2	3		10	1
386	2025-08-17 10:12:05.271502-03	22	Airconditioner 3	3		10	1
387	2025-08-17 10:12:05.271508-03	21	Light 3	3		10	1
388	2025-08-17 10:12:05.271513-03	20	AirConditioner1	3		10	1
389	2025-08-17 10:12:05.271518-03	2	Light 2	3		10	1
390	2025-08-17 10:12:05.271523-03	1	Light 1	3		10	1
391	2025-08-17 10:14:04.227384-03	1	Thingsboard Containernet	2	[{"changed": {"fields": ["Name", "Url", "Username", "Password"]}}]	8	1
\.


--
-- Data for Name: django_content_type; Type: TABLE DATA; Schema: public; Owner: postgres
--

COPY public.django_content_type (id, app_label, model) FROM stdin;
1	admin	logentry
2	auth	permission
3	auth	group
4	auth	user
5	contenttypes	contenttype
6	sessions	session
7	core	dtdlparserclient
8	core	gatewayiot
9	facade	devicetype
10	facade	device
11	facade	property
12	orchestrator	digitaltwininstance
13	orchestrator	dtdlmodel
14	orchestrator	systemcontext
15	orchestrator	modelrelationship
16	orchestrator	modelelement
17	orchestrator	digitaltwininstancerelationship
18	orchestrator	digitaltwininstanceproperty
\.


--
-- Data for Name: django_migrations; Type: TABLE DATA; Schema: public; Owner: postgres
--

COPY public.django_migrations (id, app, name, applied) FROM stdin;
1	contenttypes	0001_initial	2024-10-08 16:21:43.452069-03
2	auth	0001_initial	2024-10-08 16:21:43.547538-03
3	admin	0001_initial	2024-10-08 16:21:43.572809-03
4	admin	0002_logentry_remove_auto_add	2024-10-08 16:21:43.584782-03
5	admin	0003_logentry_add_action_flag_choices	2024-10-08 16:21:43.595936-03
6	contenttypes	0002_remove_content_type_name	2024-10-08 16:21:43.618755-03
7	auth	0002_alter_permission_name_max_length	2024-10-08 16:21:43.629542-03
8	auth	0003_alter_user_email_max_length	2024-10-08 16:21:43.640667-03
9	auth	0004_alter_user_username_opts	2024-10-08 16:21:43.650931-03
10	auth	0005_alter_user_last_login_null	2024-10-08 16:21:43.66155-03
11	auth	0006_require_contenttypes_0002	2024-10-08 16:21:43.666691-03
12	auth	0007_alter_validators_add_error_messages	2024-10-08 16:21:43.684901-03
13	auth	0008_alter_user_username_max_length	2024-10-08 16:21:43.751186-03
14	auth	0009_alter_user_last_name_max_length	2024-10-08 16:21:43.761644-03
15	auth	0010_alter_group_name_max_length	2024-10-08 16:21:43.773039-03
16	auth	0011_update_proxy_permissions	2024-10-08 16:21:43.784026-03
17	auth	0012_alter_user_first_name_max_length	2024-10-08 16:21:43.794684-03
18	core	0001_initial	2024-10-08 16:21:43.826743-03
19	facade	0001_initial	2024-10-08 16:21:43.890735-03
20	orchestrator	0001_initial	2024-10-08 16:21:44.016598-03
21	sessions	0001_initial	2024-10-08 16:21:44.033156-03
22	orchestrator	0002_alter_digitaltwininstancerelationship_unique_together	2025-01-27 08:37:04.333693-03
23	orchestrator	0003_alter_dtdlmodel_unique_together	2025-02-03 11:29:44.248921-03
24	orchestrator	0004_alter_modelrelationship_unique_together	2025-02-11 14:13:15.179195-03
25	core	0002_remove_gatewayiot_user	2025-02-14 13:41:31.79999-03
26	orchestrator	0005_digitaltwininstance_active_and_more	2025-04-17 10:54:25.261577-03
27	facade	0002_device_inactivitytimeout_and_more	2025-04-26 11:36:40.518333-03
28	facade	0003_device_metadata_alter_devicetype_inactivitytimeout	2025-06-09 17:01:52.103823-03
29	orchestrator	0006_digitaltwininstance_name	2025-06-09 17:22:31.981465-03
\.


--
-- Data for Name: django_session; Type: TABLE DATA; Schema: public; Owner: postgres
--

COPY public.django_session (session_key, session_data, expire_date) FROM stdin;
q003dvvbh2q7m0mccoq3l2x3uk535vf6	.eJxVjEEOwiAQRe_C2hAGEDou3fcMZGBQqgaS0q6Md7dNutDtf-_9twi0LiWsPc9hYnERIE6_W6T0zHUH_KB6bzK1usxTlLsiD9rl2Di_rof7d1Col62mGBWjcnjLCIMFTd74ZCixRkZQWenkrfMe2EK058E4i7QlzjqjWYnPF9TtNt4:1syFpj:LlzNsarzF4l6ByRD8abmRT6BuOqqSLjRl7t5Vf375_4	2024-10-22 16:25:23.117592-03
h4lemjg6dtb7zseyooztcravgmabybqf	.eJxVjEEOwiAQRe_C2hAGEDou3fcMZGBQqgaS0q6Md7dNutDtf-_9twi0LiWsPc9hYnERIE6_W6T0zHUH_KB6bzK1usxTlLsiD9rl2Di_rof7d1Col62mGBWjcnjLCIMFTd74ZCixRkZQWenkrfMe2EK058E4i7QlzjqjWYnPF9TtNt4:1tBhaX:kaKmgCYlpMpy6BaBVchZdMQrewYsHvsts_xnNXVAVJY	2024-11-28 18:41:17.758509-03
9bo6ugumqdgrmcbhf7knczlm4w06684s	.eJxVjEEOwiAQRe_C2hCoUKhL9z1DM8PMSNVAUtqV8e7apAvd_vfef6kJtjVPW-NlmkldlFWn3w0hPbjsgO5QblWnWtZlRr0r-qBNj5X4eT3cv4MMLX9rn2zsWYIjl4gtuEBOzmKiF4voevDWB0kdhRQtoQcQYwIOXWDGAaN6fwD-XDjG:1tD75b:kOzsCxf83qqPseS1ezXTdDfUVeWmvgjW63rsn_GAyvA	2024-12-02 16:07:11.097988-03
8h7ssnwufrusfft7tm4i6v12yq4sy1kf	.eJxVjEEOwiAQRe_C2hCoUKhL9z1DM8PMSNVAUtqV8e7apAvd_vfef6kJtjVPW-NlmkldlFWn3w0hPbjsgO5QblWnWtZlRr0r-qBNj5X4eT3cv4MMLX9rn2zsWYIjl4gtuEBOzmKiF4voevDWB0kdhRQtoQcQYwIOXWDGAaN6fwD-XDjG:1tNabc:UUXxkpBKaRfuJm4qF2hudw7WaxlP5DzKNrG3_0vhddU	2024-12-31 13:39:32.883877-03
c0lbfwu7y8tsi1hl4mzt83q92f7z9c8p	.eJxVjEEOwiAQRe_C2hCoUKhL9z1DM8PMSNVAUtqV8e7apAvd_vfef6kJtjVPW-NlmkldlFWn3w0hPbjsgO5QblWnWtZlRr0r-qBNj5X4eT3cv4MMLX9rn2zsWYIjl4gtuEBOzmKiF4voevDWB0kdhRQtoQcQYwIOXWDGAaN6fwD-XDjG:1tcAf5:HG4hIXgLkiXD-khCkQzx211ZKcHjsg5AirO7_V8_39g	2025-02-09 18:59:23.192126-03
1desl1zsgyt3v24e2rnwwlr9ccndwkp7	.eJxVjEEOwiAQRe_C2hCoUKhL9z1DM8PMSNVAUtqV8e7apAvd_vfef6kJtjVPW-NlmkldlFWn3w0hPbjsgO5QblWnWtZlRr0r-qBNj5X4eT3cv4MMLX9rn2zsWYIjl4gtuEBOzmKiF4voevDWB0kdhRQtoQcQYwIOXWDGAaN6fwD-XDjG:1tedho:VyIcf5GBRadOD7AooNIPU-eqGgUNf40uyw1MCB2k9nU	2025-02-16 14:24:24.401368-03
x1t8uq0hcgwp7fk9d6iv7ruis49j075j	.eJxVjEEOwiAQRe_C2hCoUKhL9z1DM8PMSNVAUtqV8e7apAvd_vfef6kJtjVPW-NlmkldlFWn3w0hPbjsgO5QblWnWtZlRr0r-qBNj5X4eT3cv4MMLX9rn2zsWYIjl4gtuEBOzmKiF4voevDWB0kdhRQtoQcQYwIOXWDGAaN6fwD-XDjG:1texT2:zXedw_QqmukFntYGF9Dy91s9SssZduMWwzk8TbbNBj4	2025-02-17 11:30:28.351107-03
kg5he6vvbgz9plonjgk1e0yl1uifv1c5	.eJxVjEEOwiAQRe_C2hCoUKhL9z1DM8PMSNVAUtqV8e7apAvd_vfef6kJtjVPW-NlmkldlFWn3w0hPbjsgO5QblWnWtZlRr0r-qBNj5X4eT3cv4MMLX9rn2zsWYIjl4gtuEBOzmKiF4voevDWB0kdhRQtoQcQYwIOXWDGAaN6fwD-XDjG:1texfE:LbKuYg8RIkMfwl8KoPy1SBD2CpZpuwqFLQqzCVDa0Bs	2025-02-17 11:43:04.18256-03
8q9fvgdm8f348j70j8xki9n357lrrbbv	.eJxVjEEOwiAQRe_C2hCoUKhL9z1DM8PMSNVAUtqV8e7apAvd_vfef6kJtjVPW-NlmkldlFWn3w0hPbjsgO5QblWnWtZlRr0r-qBNj5X4eT3cv4MMLX9rn2zsWYIjl4gtuEBOzmKiF4voevDWB0kdhRQtoQcQYwIOXWDGAaN6fwD-XDjG:1tf0VF:lNov0Dh589-GAnr77vJAMgKd3HiJsxNSyJdttLFtb7E	2025-02-17 14:44:57.897938-03
vndw65reytizij6vfxcdvjgewr5ma1y1	.eJxVjEEOwiAQRe_C2hCoUKhL9z1DM8PMSNVAUtqV8e7apAvd_vfef6kJtjVPW-NlmkldlFWn3w0hPbjsgO5QblWnWtZlRr0r-qBNj5X4eT3cv4MMLX9rn2zsWYIjl4gtuEBOzmKiF4voevDWB0kdhRQtoQcQYwIOXWDGAaN6fwD-XDjG:1th6u0:-HCGjUto4VAxnFvizgNFo6OxIsv86t6GP9BoqK1Mk0k	2025-02-23 09:59:12.391345-03
y1u04la0izgj56po5spzces3c8y1y1hc	.eJxVjEEOwiAQRe_C2hCoUKhL9z1DM8PMSNVAUtqV8e7apAvd_vfef6kJtjVPW-NlmkldlFWn3w0hPbjsgO5QblWnWtZlRr0r-qBNj5X4eT3cv4MMLX9rn2zsWYIjl4gtuEBOzmKiF4voevDWB0kdhRQtoQcQYwIOXWDGAaN6fwD-XDjG:1th8hJ:_ZmYrdfDAyeQXWgcIkldUbF7_dl6GBvQIrCxcZ8ETTQ	2025-02-23 11:54:13.093441-03
jsyk8jj0eqz5k87eeen5dkmviro16gaj	.eJxVjEEOwiAQRe_C2hCoUKhL9z1DM8PMSNVAUtqV8e7apAvd_vfef6kJtjVPW-NlmkldlFWn3w0hPbjsgO5QblWnWtZlRr0r-qBNj5X4eT3cv4MMLX9rn2zsWYIjl4gtuEBOzmKiF4voevDWB0kdhRQtoQcQYwIOXWDGAaN6fwD-XDjG:1thBwG:Qb4GpKF5Al5JR896D65uT5nk2A-0iXxca50W7V2cfaI	2025-02-23 15:21:52.693968-03
322s805qzzc82buzjqze2o9ccib27s26	.eJxVjEEOwiAQRe_C2hCoUKhL9z1DM8PMSNVAUtqV8e7apAvd_vfef6kJtjVPW-NlmkldlFWn3w0hPbjsgO5QblWnWtZlRr0r-qBNj5X4eT3cv4MMLX9rn2zsWYIjl4gtuEBOzmKiF4voevDWB0kdhRQtoQcQYwIOXWDGAaN6fwD-XDjG:1thn3k:3e-xcI6zjV_baUKD8Ir8R0ARVbH8A0t9iTCspVcN_cI	2025-02-25 07:00:04.150275-03
s1fjxmrpol93a3cglqpxdtm0ku7bcu32	.eJxVjEEOwiAQRe_C2hCoUKhL9z1DM8PMSNVAUtqV8e7apAvd_vfef6kJtjVPW-NlmkldlFWn3w0hPbjsgO5QblWnWtZlRr0r-qBNj5X4eT3cv4MMLX9rn2zsWYIjl4gtuEBOzmKiF4voevDWB0kdhRQtoQcQYwIOXWDGAaN6fwD-XDjG:1thqJs:psMJM34iTv1T4D5VdfnodHqh3mWZJz4zdHj5E6mHqmg	2025-02-25 10:28:56.218528-03
zonr3tzzvzoqx4gbhc9daywre2wjg9pf	.eJxVjEEOwiAQRe_C2hCoUKhL9z1DM8PMSNVAUtqV8e7apAvd_vfef6kJtjVPW-NlmkldlFWn3w0hPbjsgO5QblWnWtZlRr0r-qBNj5X4eT3cv4MMLX9rn2zsWYIjl4gtuEBOzmKiF4voevDWB0kdhRQtoQcQYwIOXWDGAaN6fwD-XDjG:1thqjN:4QHqSeGJhnSjJMlzva57Ueq4dNNNrl-2wnwJpiGppQ4	2025-02-25 10:55:17.075921-03
9bsu85rpf8tsudc1nlayau9ks3fvq632	.eJxVjEEOwiAQRe_C2hCoUKhL9z1DM8PMSNVAUtqV8e7apAvd_vfef6kJtjVPW-NlmkldlFWn3w0hPbjsgO5QblWnWtZlRr0r-qBNj5X4eT3cv4MMLX9rn2zsWYIjl4gtuEBOzmKiF4voevDWB0kdhRQtoQcQYwIOXWDGAaN6fwD-XDjG:1thtiY:W_7Bgni2Um_ZQBoZjl4S6ZdTJtqBdkHPMQ46sFOS2GI	2025-02-25 14:06:38.725544-03
iro1ca8dyoklp8l8nctg36ftoc9fu3ul	.eJxVjEEOwiAQRe_C2hCoUKhL9z1DM8PMSNVAUtqV8e7apAvd_vfef6kJtjVPW-NlmkldlFWn3w0hPbjsgO5QblWnWtZlRr0r-qBNj5X4eT3cv4MMLX9rn2zsWYIjl4gtuEBOzmKiF4voevDWB0kdhRQtoQcQYwIOXWDGAaN6fwD-XDjG:1thwBl:C4txQ8gCw86mQyKJuOpSO7xwqedYRc01w7OYGvUbFmA	2025-02-25 16:44:57.84347-03
r1sff14wgq3jlkwru7pkkstp5mde5p7w	.eJxVjEEOwiAQRe_C2hCoUKhL9z1DM8PMSNVAUtqV8e7apAvd_vfef6kJtjVPW-NlmkldlFWn3w0hPbjsgO5QblWnWtZlRr0r-qBNj5X4eT3cv4MMLX9rn2zsWYIjl4gtuEBOzmKiF4voevDWB0kdhRQtoQcQYwIOXWDGAaN6fwD-XDjG:1ti25J:6dXvy0Wf2QFe0-2a5F_B_V1ChSvWP00U-ARUBKpIwao	2025-02-25 23:02:41.892962-03
ea8d03fbhcmsvebwth812xtatic03wqu	.eJxVjEEOwiAQRe_C2hCoUKhL9z1DM8PMSNVAUtqV8e7apAvd_vfef6kJtjVPW-NlmkldlFWn3w0hPbjsgO5QblWnWtZlRr0r-qBNj5X4eT3cv4MMLX9rn2zsWYIjl4gtuEBOzmKiF4voevDWB0kdhRQtoQcQYwIOXWDGAaN6fwD-XDjG:1ti2Fc:H-CsvqG9N23pavN1fvAffqKhVB6qTjxgklVUhWZmAJk	2025-02-25 23:13:20.716212-03
l3w3vbpib230hvbrj8xwe238c80h48w6	.eJxVjEEOwiAQRe_C2hCoUKhL9z1DM8PMSNVAUtqV8e7apAvd_vfef6kJtjVPW-NlmkldlFWn3w0hPbjsgO5QblWnWtZlRr0r-qBNj5X4eT3cv4MMLX9rn2zsWYIjl4gtuEBOzmKiF4voevDWB0kdhRQtoQcQYwIOXWDGAaN6fwD-XDjG:1ti3YO:OJG_JFLj0YTTsHD8yst0XGrL72qgYcdpFn7meULrmeQ	2025-02-26 00:36:48.75065-03
l983amhs9fi7mo2jbemnx56cz4hwoh0i	.eJxVjEEOwiAQRe_C2hCoUKhL9z1DM8PMSNVAUtqV8e7apAvd_vfef6kJtjVPW-NlmkldlFWn3w0hPbjsgO5QblWnWtZlRr0r-qBNj5X4eT3cv4MMLX9rn2zsWYIjl4gtuEBOzmKiF4voevDWB0kdhRQtoQcQYwIOXWDGAaN6fwD-XDjG:1ti3at:Mwm5VXdG8geL5uUpybXxfRDNe91-so_ACuF7kEolfIg	2025-02-26 00:39:23.993646-03
816tf8j0nfvi1br2571kd865hmz8o5jn	.eJxVjEEOwiAQRe_C2hCoUKhL9z1DM8PMSNVAUtqV8e7apAvd_vfef6kJtjVPW-NlmkldlFWn3w0hPbjsgO5QblWnWtZlRr0r-qBNj5X4eT3cv4MMLX9rn2zsWYIjl4gtuEBOzmKiF4voevDWB0kdhRQtoQcQYwIOXWDGAaN6fwD-XDjG:1ti3nm:GluiwUIZyf3_KOb-49b9mM6HSGZxF7ZGXOlW1QjRMio	2025-02-26 00:52:42.871984-03
8hvz5ulokacm3hnovnk3o3sls0qkuju8	.eJxVjEEOwiAQRe_C2hCoUKhL9z1DM8PMSNVAUtqV8e7apAvd_vfef6kJtjVPW-NlmkldlFWn3w0hPbjsgO5QblWnWtZlRr0r-qBNj5X4eT3cv4MMLX9rn2zsWYIjl4gtuEBOzmKiF4voevDWB0kdhRQtoQcQYwIOXWDGAaN6fwD-XDjG:1tj0Bf:5oHbVHbljqT9kdQ3hYmGjIBM91uHps1NBxpanjEP1nM	2025-02-28 15:13:15.936086-03
ynqxyki0rb35c6s7rnecqsny0cop6sdf	.eJxVjEEOwiAQRe_C2hCoUKhL9z1DM8PMSNVAUtqV8e7apAvd_vfef6kJtjVPW-NlmkldlFWn3w0hPbjsgO5QblWnWtZlRr0r-qBNj5X4eT3cv4MMLX9rn2zsWYIjl4gtuEBOzmKiF4voevDWB0kdhRQtoQcQYwIOXWDGAaN6fwD-XDjG:1tj0EX:KkUIZr0ORp2Q8dLESWfXgBOxPqPL7FDUHSiE8CE7n_Y	2025-02-28 15:16:13.31394-03
oy61ussnbincmh8c3v0qt28xwmiewvr6	.eJxVjEEOwiAQRe_C2hCoUKhL9z1DM8PMSNVAUtqV8e7apAvd_vfef6kJtjVPW-NlmkldlFWn3w0hPbjsgO5QblWnWtZlRr0r-qBNj5X4eT3cv4MMLX9rn2zsWYIjl4gtuEBOzmKiF4voevDWB0kdhRQtoQcQYwIOXWDGAaN6fwD-XDjG:1tj0jJ:8Wr0GbRuv-AgOiJ2U4TW-fxOLhi3Q2UvUsMpPIeG1Zo	2025-02-28 15:48:01.075526-03
akkbjchdskkdh90h0z103f44lhoypdkm	.eJxVjEEOwiAQRe_C2hCoUKhL9z1DM8PMSNVAUtqV8e7apAvd_vfef6kJtjVPW-NlmkldlFWn3w0hPbjsgO5QblWnWtZlRr0r-qBNj5X4eT3cv4MMLX9rn2zsWYIjl4gtuEBOzmKiF4voevDWB0kdhRQtoQcQYwIOXWDGAaN6fwD-XDjG:1tj199:A7fQgKS6PkQdjUms3Gp_Ujw37Jp_e7tfQ_z27t18UvI	2025-02-28 16:14:43.039831-03
cxb5utcf0xe6fva216fmmkha0t1t2f2t	.eJxVjEEOwiAQRe_C2hCoUKhL9z1DM8PMSNVAUtqV8e7apAvd_vfef6kJtjVPW-NlmkldlFWn3w0hPbjsgO5QblWnWtZlRr0r-qBNj5X4eT3cv4MMLX9rn2zsWYIjl4gtuEBOzmKiF4voevDWB0kdhRQtoQcQYwIOXWDGAaN6fwD-XDjG:1tj1mF:lOdcIvsvvYIszU_Fg6j2HY6OlfwAMJ5LSIj7ltikoBI	2025-02-28 16:55:07.698322-03
o6r0kagnxkkv3uwttvfgwx4s07bnm6ao	.eJxVjEEOwiAQRe_C2hCoUKhL9z1DM8PMSNVAUtqV8e7apAvd_vfef6kJtjVPW-NlmkldlFWn3w0hPbjsgO5QblWnWtZlRr0r-qBNj5X4eT3cv4MMLX9rn2zsWYIjl4gtuEBOzmKiF4voevDWB0kdhRQtoQcQYwIOXWDGAaN6fwD-XDjG:1tjeRA:tWPuv0dXuZRjjNl8dLoEs8Acl9SfL1YBoNK2iKGGTc8	2025-03-02 10:11:56.714202-03
4t4sovne4xiitfv3l3iq8cur54swijvn	.eJxVjEEOwiAQRe_C2hCoUKhL9z1DM8PMSNVAUtqV8e7apAvd_vfef6kJtjVPW-NlmkldlFWn3w0hPbjsgO5QblWnWtZlRr0r-qBNj5X4eT3cv4MMLX9rn2zsWYIjl4gtuEBOzmKiF4voevDWB0kdhRQtoQcQYwIOXWDGAaN6fwD-XDjG:1tjhVG:Ej3f3LrZUKo4wNiZNSc7d-tXPkvQVdfLkxGQ7xA9I8s	2025-03-02 13:28:22.645724-03
agq6xdpm5t18m1d2q50t4u4q6p6410go	.eJxVjEEOwiAQRe_C2hCoUKhL9z1DM8PMSNVAUtqV8e7apAvd_vfef6kJtjVPW-NlmkldlFWn3w0hPbjsgO5QblWnWtZlRr0r-qBNj5X4eT3cv4MMLX9rn2zsWYIjl4gtuEBOzmKiF4voevDWB0kdhRQtoQcQYwIOXWDGAaN6fwD-XDjG:1tpvET:8ObZIjqUFAfPqvP-fvfJenxtC-WIpwrLS3FosI_fSp4	2025-03-19 17:20:45.091442-03
dbyc1piqpumupp198efnjjylv5p6aua3	.eJxVjEEOwiAQRe_C2hCoUKhL9z1DM8PMSNVAUtqV8e7apAvd_vfef6kJtjVPW-NlmkldlFWn3w0hPbjsgO5QblWnWtZlRr0r-qBNj5X4eT3cv4MMLX9rn2zsWYIjl4gtuEBOzmKiF4voevDWB0kdhRQtoQcQYwIOXWDGAaN6fwD-XDjG:1u5Pgl:DcIt2A9JivkbOO-Qq033t3LCcHuS83w-dflxEX37cSc	2025-05-01 10:53:59.818981-03
4c6yijmvfg2214uwtdrokwuigoqm4s2k	.eJxVjEEOwiAQRe_C2hCoUKhL9z1DM8PMSNVAUtqV8e7apAvd_vfef6kJtjVPW-NlmkldlFWn3w0hPbjsgO5QblWnWtZlRr0r-qBNj5X4eT3cv4MMLX9rn2zsWYIjl4gtuEBOzmKiF4voevDWB0kdhRQtoQcQYwIOXWDGAaN6fwD-XDjG:1uApv6:bsd9bBTYjhCdgcZzR8Pww7lduOEsvumLtKUAlA5zqpk	2025-05-16 09:55:12.773211-03
69peap6ls7fw82bt33dk3f5q3ay69vys	.eJxVjEEOwiAQRe_C2hCoUKhL9z1DM8PMSNVAUtqV8e7apAvd_vfef6kJtjVPW-NlmkldlFWn3w0hPbjsgO5QblWnWtZlRr0r-qBNj5X4eT3cv4MMLX9rn2zsWYIjl4gtuEBOzmKiF4voevDWB0kdhRQtoQcQYwIOXWDGAaN6fwD-XDjG:1uOdJg:eE7ZFpQmKUlLmN0t7D5WpWw8iW4LsnjEgcmuP9CdsDg	2025-06-23 11:17:36.590954-03
7nxmzslx666sqi1p9hwp7h5viduz7pn4	.eJxVjEEOwiAQRe_C2hCoUKhL9z1DM8PMSNVAUtqV8e7apAvd_vfef6kJtjVPW-NlmkldlFWn3w0hPbjsgO5QblWnWtZlRr0r-qBNj5X4eT3cv4MMLX9rn2zsWYIjl4gtuEBOzmKiF4voevDWB0kdhRQtoQcQYwIOXWDGAaN6fwD-XDjG:1uYYsZ:PkB-klJYYzeT2OGhHveHpb63TF9UCk6D74XKpiYIhIg	2025-07-20 20:34:39.510996-03
ks6y5xpljd28fvnfgumf0dol9vhohfit	.eJxVjEEOwiAQRe_C2hCoUKhL9z1DM8PMSNVAUtqV8e7apAvd_vfef6kJtjVPW-NlmkldlFWn3w0hPbjsgO5QblWnWtZlRr0r-qBNj5X4eT3cv4MMLX9rn2zsWYIjl4gtuEBOzmKiF4voevDWB0kdhRQtoQcQYwIOXWDGAaN6fwD-XDjG:1ukTSO:w4ZrguwnIwJM_yJacbUPFh3EblSp3iVhaYM23u57l0c	2025-08-22 17:12:52.539038-03
\.


--
-- Data for Name: facade_device; Type: TABLE DATA; Schema: public; Owner: postgres
--

COPY public.facade_device (id, name, identifier, status, gateway_id, type_id, user_id, "inactivityTimeout", metadata) FROM stdin;
\.


--
-- Data for Name: facade_devicetype; Type: TABLE DATA; Schema: public; Owner: postgres
--

COPY public.facade_devicetype (id, name, "inactivityTimeout") FROM stdin;
1	LightBulb	\N
2	Sensor	\N
3	AirConditioner	\N
4	Pump	60
\.


--
-- Data for Name: facade_property; Type: TABLE DATA; Schema: public; Owner: postgres
--

COPY public.facade_property (id, name, type, value, rpc_read_method, rpc_write_method, device_id) FROM stdin;
\.


--
-- Data for Name: orchestrator_digitaltwininstance; Type: TABLE DATA; Schema: public; Owner: postgres
--

COPY public.orchestrator_digitaltwininstance (id, model_id, active, last_status_check, name) FROM stdin;
\.


--
-- Data for Name: orchestrator_digitaltwininstanceproperty; Type: TABLE DATA; Schema: public; Owner: postgres
--

COPY public.orchestrator_digitaltwininstanceproperty (id, value, device_property_id, dtinstance_id, property_id) FROM stdin;
\.


--
-- Data for Name: orchestrator_digitaltwininstancerelationship; Type: TABLE DATA; Schema: public; Owner: postgres
--

COPY public.orchestrator_digitaltwininstancerelationship (id, relationship_id, source_instance_id, target_instance_id) FROM stdin;
\.


--
-- Data for Name: orchestrator_dtdlmodel; Type: TABLE DATA; Schema: public; Owner: postgres
--

COPY public.orchestrator_dtdlmodel (id, dtdl_id, name, specification, parsed_specification, system_id) FROM stdin;
20	dtmi:housegen:LightBulb;1	LightBulb condominium	{"@id": "dtmi:housegen:LightBulb;1", "@type": "Interface", "@context": ["dtmi:dtdl:context;3", "dtmi:dtdl:extension:causal;1"], "contents": [{"name": "status", "@type": ["Property", "Causal"], "schema": "boolean"}], "displayName": "LightBulb"}	{"id": "dtmi:housegen:LightBulb;1", "name": "LightBulb", "modelElements": [{"id": 1, "name": "status", "type": "Property", "schema": "Boolean", "supplementTypes": ["dtmi:dtdl:extension:causal:v1:Causal"]}], "modelRelationships": []}	3
21	dtmi:housegen:AirConditioner;1	AirConditioner condominium	{"@id": "dtmi:housegen:AirConditioner;1", "@type": "Interface", "@context": ["dtmi:dtdl:context;3", "dtmi:dtdl:extension:causal;1"], "contents": [{"name": "temperature", "@type": ["Property", "Causal"], "schema": "double"}, {"name": "status", "@type": ["Property", "Causal"], "schema": "boolean"}], "displayName": "AirConditioner"}	{"id": "dtmi:housegen:AirConditioner;1", "name": "AirConditioner", "modelElements": [{"id": 2, "name": "temperature", "type": "Property", "schema": "Double", "supplementTypes": ["dtmi:dtdl:extension:causal:v1:Causal"]}, {"id": 3, "name": "status", "type": "Property", "schema": "Boolean", "supplementTypes": ["dtmi:dtdl:extension:causal:v1:Causal"]}], "modelRelationships": []}	3
22	dtmi:housegen:PoolPump;1	Pump condominium	{"@id": "dtmi:housegen:PoolPump;1", "@type": "Interface", "@context": ["dtmi:dtdl:context;3", "dtmi:dtdl:extension:causal;1"], "contents": [{"name": "pressure", "@type": "Telemetry", "schema": "double", "description": "The pressure of the pump in PSI", "displayName": "Pressure"}, {"name": "waterflowRate", "@type": "Telemetry", "schema": "double", "description": "The flow rate of the pump in GPM", "displayName": "Flow Rate"}, {"name": "operationalStatus", "@type": "Property", "schema": "string", "description": "The operational status of the pump", "displayName": "Status"}, {"name": "status", "@type": ["Property", "Causal"], "schema": "boolean", "description": "Indicates if the pump is on or off"}], "displayName": "Pump"}	{"id": "dtmi:housegen:PoolPump;1", "name": "PoolPump", "modelElements": [{"id": 4, "name": "operationalStatus", "type": "Property", "schema": "String", "supplementTypes": []}, {"id": 5, "name": "status", "type": "Property", "schema": "Boolean", "supplementTypes": ["dtmi:dtdl:extension:causal:v1:Causal"]}, {"id": 6, "name": "pressure", "type": "Telemetry", "schema": "Double", "supplementTypes": []}, {"id": 7, "name": "waterflowRate", "type": "Telemetry", "schema": "Double", "supplementTypes": []}], "modelRelationships": []}	3
23	dtmi:housegen:Irrigation;1	Irrigation condominium	{"@id": "dtmi:housegen:Irrigation;1", "@type": "Interface", "@context": ["dtmi:dtdl:context;3", "dtmi:dtdl:extension:causal;1"], "contents": [{"name": "waterFlowRate", "@type": "Telemetry", "schema": "double", "description": "The rate of water flow in liters per minute", "displayName": "Water Flow Rate"}, {"name": "irrigationStatus", "@type": ["Property", "Causal"], "schema": "boolean", "description": "Defines if the irrigation system is ON or OFF", "displayName": "Set the Irrigation status"}], "displayName": "Irrigation"}	{"id": "dtmi:housegen:Irrigation;1", "name": "Irrigation", "modelElements": [{"id": 8, "name": "irrigationStatus", "type": "Property", "schema": "Boolean", "supplementTypes": ["dtmi:dtdl:extension:causal:v1:Causal"]}, {"id": 9, "name": "waterFlowRate", "type": "Telemetry", "schema": "Double", "supplementTypes": []}], "modelRelationships": []}	3
24	dtmi:housegen:Garden;1	Garden condominium	{"@id": "dtmi:housegen:Garden;1", "@type": "Interface", "@context": "dtmi:dtdl:context;3", "contents": [{"name": "soilHumidity", "@type": "Telemetry", "schema": "double", "displayName": "Soil Humidity"}, {"name": "has_irrigationSystem", "@type": "Relationship", "target": "dtmi:housegen:Irrigation;1"}], "displayName": "Garden"}	{"id": "dtmi:housegen:Garden;1", "name": "Garden", "modelElements": [{"id": 10, "name": "soilHumidity", "type": "Telemetry", "schema": "Double", "supplementTypes": []}], "modelRelationships": [{"id": 1, "name": "has_irrigationSystem", "target": "dtmi:housegen:Irrigation;1"}]}	3
25	dtmi:housegen:Pool;1	Pool condominium	{"@id": "dtmi:housegen:Pool;1", "@type": "Interface", "@context": ["dtmi:dtdl:context;3", "dtmi:dtdl:extension:quantitativeTypes;1"], "contents": [{"name": "size", "unit": "squareFoot", "@type": ["Property", "Area"], "schema": "double", "writable": true}, {"name": "temperature", "unit": "degreeCelsius", "@type": ["Telemetry", "Temperature"], "schema": "double"}, {"name": "waterLevel", "@type": "Telemetry", "schema": "double"}, {"name": "has_pump", "@type": "Relationship", "target": "dtmi:housegen:Pump;1", "maxMultiplicity": 1, "minMultiplicity": 0}], "displayName": "Pool"}	{"id": "dtmi:housegen:Pool;1", "name": "Pool", "modelElements": [{"id": 11, "name": "size", "type": "Property", "schema": "Double", "supplementTypes": ["dtmi:dtdl:extension:quantitativeTypes:v1:class:Area"]}, {"id": 12, "name": "temperature", "type": "Telemetry", "schema": "Double", "supplementTypes": ["dtmi:dtdl:extension:quantitativeTypes:v1:class:Temperature"]}, {"id": 13, "name": "waterLevel", "type": "Telemetry", "schema": "Double", "supplementTypes": []}], "modelRelationships": [{"id": 2, "name": "has_pump", "target": "dtmi:housegen:Pump;1"}]}	3
26	dtmi:housegen:Room;1	Room condominium	{"@id": "dtmi:housegen:Room;1", "@type": "Interface", "@context": ["dtmi:dtdl:context;3", "dtmi:dtdl:extension:quantitativeTypes;1"], "contents": [{"name": "size", "unit": "squareFoot", "@type": ["Property", "Area"], "schema": "double", "writable": true}, {"name": "temperature", "unit": "degreeCelsius", "@type": ["Telemetry", "Temperature"], "schema": "double"}, {"name": "gas", "@type": "Telemetry", "schema": "boolean"}, {"name": "has_lights", "@type": "Relationship", "target": "dtmi:housegen:LightBulb;1", "maxMultiplicity": 5, "minMultiplicity": 0}, {"name": "has_airconditioner", "@type": "Relationship", "target": "dtmi:housegen:AirConditioner;1", "maxMultiplicity": 1, "minMultiplicity": 0}], "displayName": "Room"}	{"id": "dtmi:housegen:Room;1", "name": "Room", "modelElements": [{"id": 14, "name": "size", "type": "Property", "schema": "Double", "supplementTypes": ["dtmi:dtdl:extension:quantitativeTypes:v1:class:Area"]}, {"id": 15, "name": "temperature", "type": "Telemetry", "schema": "Double", "supplementTypes": ["dtmi:dtdl:extension:quantitativeTypes:v1:class:Temperature"]}, {"id": 16, "name": "gas", "type": "Telemetry", "schema": "Boolean", "supplementTypes": []}], "modelRelationships": [{"id": 3, "name": "has_lights", "target": "dtmi:housegen:LightBulb;1"}, {"id": 4, "name": "has_airconditioner", "target": "dtmi:housegen:AirConditioner;1"}]}	3
27	dtmi:housegen:House;1	House condominium	{"@id": "dtmi:housegen:House;1", "@type": "Interface", "@context": "dtmi:dtdl:context;3", "contents": [{"name": "name", "@type": "Property", "schema": "string", "writable": true}, {"name": "address", "@type": "Property", "schema": "string", "writable": true}, {"name": "has_rooms", "@type": "Relationship", "target": "dtmi:housegen:Room"}, {"name": "has_pool", "@type": "Relationship", "target": "dtmi:housegen:Pool", "maxMultiplicity": 1, "minMultiplicity": 0}, {"name": "has_gardens", "@type": "Relationship", "target": "dtmi:housegen:Garden", "maxMultiplicity": 5, "minMultiplicity": 0}], "displayName": "House"}	{"id": "dtmi:housegen:House;1", "name": "House", "modelElements": [{"id": 17, "name": "name", "type": "Property", "schema": "String", "supplementTypes": []}, {"id": 18, "name": "address", "type": "Property", "schema": "String", "supplementTypes": []}], "modelRelationships": [{"id": 5, "name": "has_rooms", "target": "dtmi:housegen:Room"}, {"id": 6, "name": "has_pool", "target": "dtmi:housegen:Pool"}, {"id": 7, "name": "has_gardens", "target": "dtmi:housegen:Garden"}]}	3
\.


--
-- Data for Name: orchestrator_modelelement; Type: TABLE DATA; Schema: public; Owner: postgres
--

COPY public.orchestrator_modelelement (id, element_id, element_type, name, schema, supplement_types, dtdl_model_id) FROM stdin;
55	9	Telemetry	waterFlowRate	Double	[]	23
56	10	Telemetry	soilHumidity	Double	[]	24
57	11	Property	size	Double	["dtmi:dtdl:extension:quantitativeTypes:v1:class:Area"]	25
58	12	Telemetry	temperature	Double	["dtmi:dtdl:extension:quantitativeTypes:v1:class:Temperature"]	25
59	13	Telemetry	waterLevel	Double	[]	25
60	14	Property	size	Double	["dtmi:dtdl:extension:quantitativeTypes:v1:class:Area"]	26
61	15	Telemetry	temperature	Double	["dtmi:dtdl:extension:quantitativeTypes:v1:class:Temperature"]	26
62	16	Telemetry	gas	Boolean	[]	26
63	17	Property	name	String	[]	27
64	18	Property	address	String	[]	27
47	1	Property	status	Boolean	["dtmi:dtdl:extension:causal:v1:Causal"]	20
48	2	Property	temperature	Double	["dtmi:dtdl:extension:causal:v1:Causal"]	21
49	3	Property	status	Boolean	["dtmi:dtdl:extension:causal:v1:Causal"]	21
50	4	Property	operationalStatus	String	[]	22
51	5	Property	status	Boolean	["dtmi:dtdl:extension:causal:v1:Causal"]	22
52	6	Telemetry	pressure	Double	[]	22
53	7	Telemetry	waterflowRate	Double	[]	22
54	8	Property	irrigationStatus	Boolean	["dtmi:dtdl:extension:causal:v1:Causal"]	23
\.


--
-- Data for Name: orchestrator_modelrelationship; Type: TABLE DATA; Schema: public; Owner: postgres
--

COPY public.orchestrator_modelrelationship (id, relationship_id, name, source, target, dtdl_model_id) FROM stdin;
26	1	has_irrigationSystem	dtmi:housegen:Garden;1	dtmi:housegen:Irrigation;1	24
27	3	has_lights	dtmi:housegen:Room;1	dtmi:housegen:LightBulb;1	26
28	4	has_airconditioner	dtmi:housegen:Room;1	dtmi:housegen:AirConditioner;1	26
29	5	has_rooms	dtmi:housegen:House;1	dtmi:housegen:Room	27
30	6	has_pool	dtmi:housegen:House;1	dtmi:housegen:Pool	27
31	7	has_gardens	dtmi:housegen:House;1	dtmi:housegen:Garden	27
\.


--
-- Data for Name: orchestrator_systemcontext; Type: TABLE DATA; Schema: public; Owner: postgres
--

COPY public.orchestrator_systemcontext (id, name, description) FROM stdin;
3	Condominium X	Condominium X
\.


--
-- Name: auth_group_id_seq; Type: SEQUENCE SET; Schema: public; Owner: postgres
--

SELECT pg_catalog.setval('public.auth_group_id_seq', 1, false);


--
-- Name: auth_group_permissions_id_seq; Type: SEQUENCE SET; Schema: public; Owner: postgres
--

SELECT pg_catalog.setval('public.auth_group_permissions_id_seq', 1, false);


--
-- Name: auth_permission_id_seq; Type: SEQUENCE SET; Schema: public; Owner: postgres
--

SELECT pg_catalog.setval('public.auth_permission_id_seq', 72, true);


--
-- Name: auth_user_groups_id_seq; Type: SEQUENCE SET; Schema: public; Owner: postgres
--

SELECT pg_catalog.setval('public.auth_user_groups_id_seq', 1, false);


--
-- Name: auth_user_id_seq; Type: SEQUENCE SET; Schema: public; Owner: postgres
--

SELECT pg_catalog.setval('public.auth_user_id_seq', 1, true);


--
-- Name: auth_user_user_permissions_id_seq; Type: SEQUENCE SET; Schema: public; Owner: postgres
--

SELECT pg_catalog.setval('public.auth_user_user_permissions_id_seq', 1, false);


--
-- Name: core_dtdlparserclient_id_seq; Type: SEQUENCE SET; Schema: public; Owner: postgres
--

SELECT pg_catalog.setval('public.core_dtdlparserclient_id_seq', 1, true);


--
-- Name: core_gatewayiot_id_seq; Type: SEQUENCE SET; Schema: public; Owner: postgres
--

SELECT pg_catalog.setval('public.core_gatewayiot_id_seq', 1, true);


--
-- Name: django_admin_log_id_seq; Type: SEQUENCE SET; Schema: public; Owner: postgres
--

SELECT pg_catalog.setval('public.django_admin_log_id_seq', 391, true);


--
-- Name: django_content_type_id_seq; Type: SEQUENCE SET; Schema: public; Owner: postgres
--

SELECT pg_catalog.setval('public.django_content_type_id_seq', 18, true);


--
-- Name: django_migrations_id_seq; Type: SEQUENCE SET; Schema: public; Owner: postgres
--

SELECT pg_catalog.setval('public.django_migrations_id_seq', 29, true);


--
-- Name: facade_device_id_seq; Type: SEQUENCE SET; Schema: public; Owner: postgres
--

SELECT pg_catalog.setval('public.facade_device_id_seq', 87, true);


--
-- Name: facade_devicetype_id_seq; Type: SEQUENCE SET; Schema: public; Owner: postgres
--

SELECT pg_catalog.setval('public.facade_devicetype_id_seq', 4, true);


--
-- Name: facade_property_id_seq; Type: SEQUENCE SET; Schema: public; Owner: postgres
--

SELECT pg_catalog.setval('public.facade_property_id_seq', 100, true);


--
-- Name: orchestrator_digitaltwininstance_id_seq; Type: SEQUENCE SET; Schema: public; Owner: postgres
--

SELECT pg_catalog.setval('public.orchestrator_digitaltwininstance_id_seq', 52, true);


--
-- Name: orchestrator_digitaltwininstanceproperty_id_seq; Type: SEQUENCE SET; Schema: public; Owner: postgres
--

SELECT pg_catalog.setval('public.orchestrator_digitaltwininstanceproperty_id_seq', 121, true);


--
-- Name: orchestrator_digitaltwininstancerelationship_id_seq; Type: SEQUENCE SET; Schema: public; Owner: postgres
--

SELECT pg_catalog.setval('public.orchestrator_digitaltwininstancerelationship_id_seq', 68, true);


--
-- Name: orchestrator_dtdlmodel_id_seq; Type: SEQUENCE SET; Schema: public; Owner: postgres
--

SELECT pg_catalog.setval('public.orchestrator_dtdlmodel_id_seq', 27, true);


--
-- Name: orchestrator_modelelement_id_seq; Type: SEQUENCE SET; Schema: public; Owner: postgres
--

SELECT pg_catalog.setval('public.orchestrator_modelelement_id_seq', 64, true);


--
-- Name: orchestrator_modelrelationship_id_seq; Type: SEQUENCE SET; Schema: public; Owner: postgres
--

SELECT pg_catalog.setval('public.orchestrator_modelrelationship_id_seq', 31, true);


--
-- Name: orchestrator_systemcontext_id_seq; Type: SEQUENCE SET; Schema: public; Owner: postgres
--

SELECT pg_catalog.setval('public.orchestrator_systemcontext_id_seq', 3, true);


--
-- Name: auth_group auth_group_name_key; Type: CONSTRAINT; Schema: public; Owner: postgres
--

ALTER TABLE ONLY public.auth_group
    ADD CONSTRAINT auth_group_name_key UNIQUE (name);


--
-- Name: auth_group_permissions auth_group_permissions_group_id_permission_id_0cd325b0_uniq; Type: CONSTRAINT; Schema: public; Owner: postgres
--

ALTER TABLE ONLY public.auth_group_permissions
    ADD CONSTRAINT auth_group_permissions_group_id_permission_id_0cd325b0_uniq UNIQUE (group_id, permission_id);


--
-- Name: auth_group_permissions auth_group_permissions_pkey; Type: CONSTRAINT; Schema: public; Owner: postgres
--

ALTER TABLE ONLY public.auth_group_permissions
    ADD CONSTRAINT auth_group_permissions_pkey PRIMARY KEY (id);


--
-- Name: auth_group auth_group_pkey; Type: CONSTRAINT; Schema: public; Owner: postgres
--

ALTER TABLE ONLY public.auth_group
    ADD CONSTRAINT auth_group_pkey PRIMARY KEY (id);


--
-- Name: auth_permission auth_permission_content_type_id_codename_01ab375a_uniq; Type: CONSTRAINT; Schema: public; Owner: postgres
--

ALTER TABLE ONLY public.auth_permission
    ADD CONSTRAINT auth_permission_content_type_id_codename_01ab375a_uniq UNIQUE (content_type_id, codename);


--
-- Name: auth_permission auth_permission_pkey; Type: CONSTRAINT; Schema: public; Owner: postgres
--

ALTER TABLE ONLY public.auth_permission
    ADD CONSTRAINT auth_permission_pkey PRIMARY KEY (id);


--
-- Name: auth_user_groups auth_user_groups_pkey; Type: CONSTRAINT; Schema: public; Owner: postgres
--

ALTER TABLE ONLY public.auth_user_groups
    ADD CONSTRAINT auth_user_groups_pkey PRIMARY KEY (id);


--
-- Name: auth_user_groups auth_user_groups_user_id_group_id_94350c0c_uniq; Type: CONSTRAINT; Schema: public; Owner: postgres
--

ALTER TABLE ONLY public.auth_user_groups
    ADD CONSTRAINT auth_user_groups_user_id_group_id_94350c0c_uniq UNIQUE (user_id, group_id);


--
-- Name: auth_user auth_user_pkey; Type: CONSTRAINT; Schema: public; Owner: postgres
--

ALTER TABLE ONLY public.auth_user
    ADD CONSTRAINT auth_user_pkey PRIMARY KEY (id);


--
-- Name: auth_user_user_permissions auth_user_user_permissions_pkey; Type: CONSTRAINT; Schema: public; Owner: postgres
--

ALTER TABLE ONLY public.auth_user_user_permissions
    ADD CONSTRAINT auth_user_user_permissions_pkey PRIMARY KEY (id);


--
-- Name: auth_user_user_permissions auth_user_user_permissions_user_id_permission_id_14a6b632_uniq; Type: CONSTRAINT; Schema: public; Owner: postgres
--

ALTER TABLE ONLY public.auth_user_user_permissions
    ADD CONSTRAINT auth_user_user_permissions_user_id_permission_id_14a6b632_uniq UNIQUE (user_id, permission_id);


--
-- Name: auth_user auth_user_username_key; Type: CONSTRAINT; Schema: public; Owner: postgres
--

ALTER TABLE ONLY public.auth_user
    ADD CONSTRAINT auth_user_username_key UNIQUE (username);


--
-- Name: core_dtdlparserclient core_dtdlparserclient_pkey; Type: CONSTRAINT; Schema: public; Owner: postgres
--

ALTER TABLE ONLY public.core_dtdlparserclient
    ADD CONSTRAINT core_dtdlparserclient_pkey PRIMARY KEY (id);


--
-- Name: core_gatewayiot core_gatewayiot_pkey; Type: CONSTRAINT; Schema: public; Owner: postgres
--

ALTER TABLE ONLY public.core_gatewayiot
    ADD CONSTRAINT core_gatewayiot_pkey PRIMARY KEY (id);


--
-- Name: django_admin_log django_admin_log_pkey; Type: CONSTRAINT; Schema: public; Owner: postgres
--

ALTER TABLE ONLY public.django_admin_log
    ADD CONSTRAINT django_admin_log_pkey PRIMARY KEY (id);


--
-- Name: django_content_type django_content_type_app_label_model_76bd3d3b_uniq; Type: CONSTRAINT; Schema: public; Owner: postgres
--

ALTER TABLE ONLY public.django_content_type
    ADD CONSTRAINT django_content_type_app_label_model_76bd3d3b_uniq UNIQUE (app_label, model);


--
-- Name: django_content_type django_content_type_pkey; Type: CONSTRAINT; Schema: public; Owner: postgres
--

ALTER TABLE ONLY public.django_content_type
    ADD CONSTRAINT django_content_type_pkey PRIMARY KEY (id);


--
-- Name: django_migrations django_migrations_pkey; Type: CONSTRAINT; Schema: public; Owner: postgres
--

ALTER TABLE ONLY public.django_migrations
    ADD CONSTRAINT django_migrations_pkey PRIMARY KEY (id);


--
-- Name: django_session django_session_pkey; Type: CONSTRAINT; Schema: public; Owner: postgres
--

ALTER TABLE ONLY public.django_session
    ADD CONSTRAINT django_session_pkey PRIMARY KEY (session_key);


--
-- Name: facade_device facade_device_identifier_gateway_id_2ad95148_uniq; Type: CONSTRAINT; Schema: public; Owner: postgres
--

ALTER TABLE ONLY public.facade_device
    ADD CONSTRAINT facade_device_identifier_gateway_id_2ad95148_uniq UNIQUE (identifier, gateway_id);


--
-- Name: facade_device facade_device_pkey; Type: CONSTRAINT; Schema: public; Owner: postgres
--

ALTER TABLE ONLY public.facade_device
    ADD CONSTRAINT facade_device_pkey PRIMARY KEY (id);


--
-- Name: facade_devicetype facade_devicetype_name_key; Type: CONSTRAINT; Schema: public; Owner: postgres
--

ALTER TABLE ONLY public.facade_devicetype
    ADD CONSTRAINT facade_devicetype_name_key UNIQUE (name);


--
-- Name: facade_devicetype facade_devicetype_pkey; Type: CONSTRAINT; Schema: public; Owner: postgres
--

ALTER TABLE ONLY public.facade_devicetype
    ADD CONSTRAINT facade_devicetype_pkey PRIMARY KEY (id);


--
-- Name: facade_property facade_property_device_id_name_bba1711d_uniq; Type: CONSTRAINT; Schema: public; Owner: postgres
--

ALTER TABLE ONLY public.facade_property
    ADD CONSTRAINT facade_property_device_id_name_bba1711d_uniq UNIQUE (device_id, name);


--
-- Name: facade_property facade_property_pkey; Type: CONSTRAINT; Schema: public; Owner: postgres
--

ALTER TABLE ONLY public.facade_property
    ADD CONSTRAINT facade_property_pkey PRIMARY KEY (id);


--
-- Name: orchestrator_digitaltwininstanceproperty orchestrator_digitaltwin_dtinstance_id_property_i_6b320942_uniq; Type: CONSTRAINT; Schema: public; Owner: postgres
--

ALTER TABLE ONLY public.orchestrator_digitaltwininstanceproperty
    ADD CONSTRAINT orchestrator_digitaltwin_dtinstance_id_property_i_6b320942_uniq UNIQUE (dtinstance_id, property_id, device_property_id);


--
-- Name: orchestrator_digitaltwininstancerelationship orchestrator_digitaltwin_source_instance_id_targe_9c88c9f6_uniq; Type: CONSTRAINT; Schema: public; Owner: postgres
--

ALTER TABLE ONLY public.orchestrator_digitaltwininstancerelationship
    ADD CONSTRAINT orchestrator_digitaltwin_source_instance_id_targe_9c88c9f6_uniq UNIQUE (source_instance_id, target_instance_id, relationship_id);


--
-- Name: orchestrator_digitaltwininstance orchestrator_digitaltwininstance_pkey; Type: CONSTRAINT; Schema: public; Owner: postgres
--

ALTER TABLE ONLY public.orchestrator_digitaltwininstance
    ADD CONSTRAINT orchestrator_digitaltwininstance_pkey PRIMARY KEY (id);


--
-- Name: orchestrator_digitaltwininstanceproperty orchestrator_digitaltwininstanceproperty_pkey; Type: CONSTRAINT; Schema: public; Owner: postgres
--

ALTER TABLE ONLY public.orchestrator_digitaltwininstanceproperty
    ADD CONSTRAINT orchestrator_digitaltwininstanceproperty_pkey PRIMARY KEY (id);


--
-- Name: orchestrator_digitaltwininstancerelationship orchestrator_digitaltwininstancerelationship_pkey; Type: CONSTRAINT; Schema: public; Owner: postgres
--

ALTER TABLE ONLY public.orchestrator_digitaltwininstancerelationship
    ADD CONSTRAINT orchestrator_digitaltwininstancerelationship_pkey PRIMARY KEY (id);


--
-- Name: orchestrator_dtdlmodel orchestrator_dtdlmodel_pkey; Type: CONSTRAINT; Schema: public; Owner: postgres
--

ALTER TABLE ONLY public.orchestrator_dtdlmodel
    ADD CONSTRAINT orchestrator_dtdlmodel_pkey PRIMARY KEY (id);


--
-- Name: orchestrator_dtdlmodel orchestrator_dtdlmodel_system_id_dtdl_id_ee6b4141_uniq; Type: CONSTRAINT; Schema: public; Owner: postgres
--

ALTER TABLE ONLY public.orchestrator_dtdlmodel
    ADD CONSTRAINT orchestrator_dtdlmodel_system_id_dtdl_id_ee6b4141_uniq UNIQUE (system_id, dtdl_id);


--
-- Name: orchestrator_modelelement orchestrator_modelelement_pkey; Type: CONSTRAINT; Schema: public; Owner: postgres
--

ALTER TABLE ONLY public.orchestrator_modelelement
    ADD CONSTRAINT orchestrator_modelelement_pkey PRIMARY KEY (id);


--
-- Name: orchestrator_modelrelationship orchestrator_modelrelati_dtdl_model_id_name_sourc_acb2983f_uniq; Type: CONSTRAINT; Schema: public; Owner: postgres
--

ALTER TABLE ONLY public.orchestrator_modelrelationship
    ADD CONSTRAINT orchestrator_modelrelati_dtdl_model_id_name_sourc_acb2983f_uniq UNIQUE (dtdl_model_id, name, source, target);


--
-- Name: orchestrator_modelrelationship orchestrator_modelrelationship_pkey; Type: CONSTRAINT; Schema: public; Owner: postgres
--

ALTER TABLE ONLY public.orchestrator_modelrelationship
    ADD CONSTRAINT orchestrator_modelrelationship_pkey PRIMARY KEY (id);


--
-- Name: orchestrator_systemcontext orchestrator_systemcontext_pkey; Type: CONSTRAINT; Schema: public; Owner: postgres
--

ALTER TABLE ONLY public.orchestrator_systemcontext
    ADD CONSTRAINT orchestrator_systemcontext_pkey PRIMARY KEY (id);


--
-- Name: auth_group_name_a6ea08ec_like; Type: INDEX; Schema: public; Owner: postgres
--

CREATE INDEX auth_group_name_a6ea08ec_like ON public.auth_group USING btree (name varchar_pattern_ops);


--
-- Name: auth_group_permissions_group_id_b120cbf9; Type: INDEX; Schema: public; Owner: postgres
--

CREATE INDEX auth_group_permissions_group_id_b120cbf9 ON public.auth_group_permissions USING btree (group_id);


--
-- Name: auth_group_permissions_permission_id_84c5c92e; Type: INDEX; Schema: public; Owner: postgres
--

CREATE INDEX auth_group_permissions_permission_id_84c5c92e ON public.auth_group_permissions USING btree (permission_id);


--
-- Name: auth_permission_content_type_id_2f476e4b; Type: INDEX; Schema: public; Owner: postgres
--

CREATE INDEX auth_permission_content_type_id_2f476e4b ON public.auth_permission USING btree (content_type_id);


--
-- Name: auth_user_groups_group_id_97559544; Type: INDEX; Schema: public; Owner: postgres
--

CREATE INDEX auth_user_groups_group_id_97559544 ON public.auth_user_groups USING btree (group_id);


--
-- Name: auth_user_groups_user_id_6a12ed8b; Type: INDEX; Schema: public; Owner: postgres
--

CREATE INDEX auth_user_groups_user_id_6a12ed8b ON public.auth_user_groups USING btree (user_id);


--
-- Name: auth_user_user_permissions_permission_id_1fbb5f2c; Type: INDEX; Schema: public; Owner: postgres
--

CREATE INDEX auth_user_user_permissions_permission_id_1fbb5f2c ON public.auth_user_user_permissions USING btree (permission_id);


--
-- Name: auth_user_user_permissions_user_id_a95ead1b; Type: INDEX; Schema: public; Owner: postgres
--

CREATE INDEX auth_user_user_permissions_user_id_a95ead1b ON public.auth_user_user_permissions USING btree (user_id);


--
-- Name: auth_user_username_6821ab7c_like; Type: INDEX; Schema: public; Owner: postgres
--

CREATE INDEX auth_user_username_6821ab7c_like ON public.auth_user USING btree (username varchar_pattern_ops);


--
-- Name: django_admin_log_content_type_id_c4bce8eb; Type: INDEX; Schema: public; Owner: postgres
--

CREATE INDEX django_admin_log_content_type_id_c4bce8eb ON public.django_admin_log USING btree (content_type_id);


--
-- Name: django_admin_log_user_id_c564eba6; Type: INDEX; Schema: public; Owner: postgres
--

CREATE INDEX django_admin_log_user_id_c564eba6 ON public.django_admin_log USING btree (user_id);


--
-- Name: django_session_expire_date_a5c62663; Type: INDEX; Schema: public; Owner: postgres
--

CREATE INDEX django_session_expire_date_a5c62663 ON public.django_session USING btree (expire_date);


--
-- Name: django_session_session_key_c0390e0f_like; Type: INDEX; Schema: public; Owner: postgres
--

CREATE INDEX django_session_session_key_c0390e0f_like ON public.django_session USING btree (session_key varchar_pattern_ops);


--
-- Name: facade_device_gateway_id_da15c32a; Type: INDEX; Schema: public; Owner: postgres
--

CREATE INDEX facade_device_gateway_id_da15c32a ON public.facade_device USING btree (gateway_id);


--
-- Name: facade_device_type_id_e9de1e12; Type: INDEX; Schema: public; Owner: postgres
--

CREATE INDEX facade_device_type_id_e9de1e12 ON public.facade_device USING btree (type_id);


--
-- Name: facade_device_user_id_c1f552ed; Type: INDEX; Schema: public; Owner: postgres
--

CREATE INDEX facade_device_user_id_c1f552ed ON public.facade_device USING btree (user_id);


--
-- Name: facade_devicetype_name_744caaa3_like; Type: INDEX; Schema: public; Owner: postgres
--

CREATE INDEX facade_devicetype_name_744caaa3_like ON public.facade_devicetype USING btree (name varchar_pattern_ops);


--
-- Name: facade_property_device_id_db17e188; Type: INDEX; Schema: public; Owner: postgres
--

CREATE INDEX facade_property_device_id_db17e188 ON public.facade_property USING btree (device_id);


--
-- Name: orchestrator_digitaltwinin_device_property_id_e0c56f2e; Type: INDEX; Schema: public; Owner: postgres
--

CREATE INDEX orchestrator_digitaltwinin_device_property_id_e0c56f2e ON public.orchestrator_digitaltwininstanceproperty USING btree (device_property_id);


--
-- Name: orchestrator_digitaltwinin_relationship_id_86305573; Type: INDEX; Schema: public; Owner: postgres
--

CREATE INDEX orchestrator_digitaltwinin_relationship_id_86305573 ON public.orchestrator_digitaltwininstancerelationship USING btree (relationship_id);


--
-- Name: orchestrator_digitaltwinin_source_instance_id_47a5a7e0; Type: INDEX; Schema: public; Owner: postgres
--

CREATE INDEX orchestrator_digitaltwinin_source_instance_id_47a5a7e0 ON public.orchestrator_digitaltwininstancerelationship USING btree (source_instance_id);


--
-- Name: orchestrator_digitaltwinin_target_instance_id_1ce598c8; Type: INDEX; Schema: public; Owner: postgres
--

CREATE INDEX orchestrator_digitaltwinin_target_instance_id_1ce598c8 ON public.orchestrator_digitaltwininstancerelationship USING btree (target_instance_id);


--
-- Name: orchestrator_digitaltwininstance_model_id_bff4e455; Type: INDEX; Schema: public; Owner: postgres
--

CREATE INDEX orchestrator_digitaltwininstance_model_id_bff4e455 ON public.orchestrator_digitaltwininstance USING btree (model_id);


--
-- Name: orchestrator_digitaltwininstanceproperty_dtinstance_id_bf8d7ac5; Type: INDEX; Schema: public; Owner: postgres
--

CREATE INDEX orchestrator_digitaltwininstanceproperty_dtinstance_id_bf8d7ac5 ON public.orchestrator_digitaltwininstanceproperty USING btree (dtinstance_id);


--
-- Name: orchestrator_digitaltwininstanceproperty_property_id_5bdc7ae0; Type: INDEX; Schema: public; Owner: postgres
--

CREATE INDEX orchestrator_digitaltwininstanceproperty_property_id_5bdc7ae0 ON public.orchestrator_digitaltwininstanceproperty USING btree (property_id);


--
-- Name: orchestrator_dtdlmodel_system_id_3d07698a; Type: INDEX; Schema: public; Owner: postgres
--

CREATE INDEX orchestrator_dtdlmodel_system_id_3d07698a ON public.orchestrator_dtdlmodel USING btree (system_id);


--
-- Name: orchestrator_modelelement_dtdl_model_id_5d5d1a17; Type: INDEX; Schema: public; Owner: postgres
--

CREATE INDEX orchestrator_modelelement_dtdl_model_id_5d5d1a17 ON public.orchestrator_modelelement USING btree (dtdl_model_id);


--
-- Name: orchestrator_modelrelationship_dtdl_model_id_4e65eed4; Type: INDEX; Schema: public; Owner: postgres
--

CREATE INDEX orchestrator_modelrelationship_dtdl_model_id_4e65eed4 ON public.orchestrator_modelrelationship USING btree (dtdl_model_id);


--
-- Name: auth_group_permissions auth_group_permissio_permission_id_84c5c92e_fk_auth_perm; Type: FK CONSTRAINT; Schema: public; Owner: postgres
--

ALTER TABLE ONLY public.auth_group_permissions
    ADD CONSTRAINT auth_group_permissio_permission_id_84c5c92e_fk_auth_perm FOREIGN KEY (permission_id) REFERENCES public.auth_permission(id) DEFERRABLE INITIALLY DEFERRED;


--
-- Name: auth_group_permissions auth_group_permissions_group_id_b120cbf9_fk_auth_group_id; Type: FK CONSTRAINT; Schema: public; Owner: postgres
--

ALTER TABLE ONLY public.auth_group_permissions
    ADD CONSTRAINT auth_group_permissions_group_id_b120cbf9_fk_auth_group_id FOREIGN KEY (group_id) REFERENCES public.auth_group(id) DEFERRABLE INITIALLY DEFERRED;


--
-- Name: auth_permission auth_permission_content_type_id_2f476e4b_fk_django_co; Type: FK CONSTRAINT; Schema: public; Owner: postgres
--

ALTER TABLE ONLY public.auth_permission
    ADD CONSTRAINT auth_permission_content_type_id_2f476e4b_fk_django_co FOREIGN KEY (content_type_id) REFERENCES public.django_content_type(id) DEFERRABLE INITIALLY DEFERRED;


--
-- Name: auth_user_groups auth_user_groups_group_id_97559544_fk_auth_group_id; Type: FK CONSTRAINT; Schema: public; Owner: postgres
--

ALTER TABLE ONLY public.auth_user_groups
    ADD CONSTRAINT auth_user_groups_group_id_97559544_fk_auth_group_id FOREIGN KEY (group_id) REFERENCES public.auth_group(id) DEFERRABLE INITIALLY DEFERRED;


--
-- Name: auth_user_groups auth_user_groups_user_id_6a12ed8b_fk_auth_user_id; Type: FK CONSTRAINT; Schema: public; Owner: postgres
--

ALTER TABLE ONLY public.auth_user_groups
    ADD CONSTRAINT auth_user_groups_user_id_6a12ed8b_fk_auth_user_id FOREIGN KEY (user_id) REFERENCES public.auth_user(id) DEFERRABLE INITIALLY DEFERRED;


--
-- Name: auth_user_user_permissions auth_user_user_permi_permission_id_1fbb5f2c_fk_auth_perm; Type: FK CONSTRAINT; Schema: public; Owner: postgres
--

ALTER TABLE ONLY public.auth_user_user_permissions
    ADD CONSTRAINT auth_user_user_permi_permission_id_1fbb5f2c_fk_auth_perm FOREIGN KEY (permission_id) REFERENCES public.auth_permission(id) DEFERRABLE INITIALLY DEFERRED;


--
-- Name: auth_user_user_permissions auth_user_user_permissions_user_id_a95ead1b_fk_auth_user_id; Type: FK CONSTRAINT; Schema: public; Owner: postgres
--

ALTER TABLE ONLY public.auth_user_user_permissions
    ADD CONSTRAINT auth_user_user_permissions_user_id_a95ead1b_fk_auth_user_id FOREIGN KEY (user_id) REFERENCES public.auth_user(id) DEFERRABLE INITIALLY DEFERRED;


--
-- Name: django_admin_log django_admin_log_content_type_id_c4bce8eb_fk_django_co; Type: FK CONSTRAINT; Schema: public; Owner: postgres
--

ALTER TABLE ONLY public.django_admin_log
    ADD CONSTRAINT django_admin_log_content_type_id_c4bce8eb_fk_django_co FOREIGN KEY (content_type_id) REFERENCES public.django_content_type(id) DEFERRABLE INITIALLY DEFERRED;


--
-- Name: django_admin_log django_admin_log_user_id_c564eba6_fk_auth_user_id; Type: FK CONSTRAINT; Schema: public; Owner: postgres
--

ALTER TABLE ONLY public.django_admin_log
    ADD CONSTRAINT django_admin_log_user_id_c564eba6_fk_auth_user_id FOREIGN KEY (user_id) REFERENCES public.auth_user(id) DEFERRABLE INITIALLY DEFERRED;


--
-- Name: facade_device facade_device_gateway_id_da15c32a_fk_core_gatewayiot_id; Type: FK CONSTRAINT; Schema: public; Owner: postgres
--

ALTER TABLE ONLY public.facade_device
    ADD CONSTRAINT facade_device_gateway_id_da15c32a_fk_core_gatewayiot_id FOREIGN KEY (gateway_id) REFERENCES public.core_gatewayiot(id) DEFERRABLE INITIALLY DEFERRED;


--
-- Name: facade_device facade_device_type_id_e9de1e12_fk_facade_devicetype_id; Type: FK CONSTRAINT; Schema: public; Owner: postgres
--

ALTER TABLE ONLY public.facade_device
    ADD CONSTRAINT facade_device_type_id_e9de1e12_fk_facade_devicetype_id FOREIGN KEY (type_id) REFERENCES public.facade_devicetype(id) DEFERRABLE INITIALLY DEFERRED;


--
-- Name: facade_device facade_device_user_id_c1f552ed_fk_auth_user_id; Type: FK CONSTRAINT; Schema: public; Owner: postgres
--

ALTER TABLE ONLY public.facade_device
    ADD CONSTRAINT facade_device_user_id_c1f552ed_fk_auth_user_id FOREIGN KEY (user_id) REFERENCES public.auth_user(id) DEFERRABLE INITIALLY DEFERRED;


--
-- Name: facade_property facade_property_device_id_db17e188_fk_facade_device_id; Type: FK CONSTRAINT; Schema: public; Owner: postgres
--

ALTER TABLE ONLY public.facade_property
    ADD CONSTRAINT facade_property_device_id_db17e188_fk_facade_device_id FOREIGN KEY (device_id) REFERENCES public.facade_device(id) DEFERRABLE INITIALLY DEFERRED;


--
-- Name: orchestrator_digitaltwininstanceproperty orchestrator_digital_device_property_id_e0c56f2e_fk_facade_pr; Type: FK CONSTRAINT; Schema: public; Owner: postgres
--

ALTER TABLE ONLY public.orchestrator_digitaltwininstanceproperty
    ADD CONSTRAINT orchestrator_digital_device_property_id_e0c56f2e_fk_facade_pr FOREIGN KEY (device_property_id) REFERENCES public.facade_property(id) DEFERRABLE INITIALLY DEFERRED;


--
-- Name: orchestrator_digitaltwininstanceproperty orchestrator_digital_dtinstance_id_bf8d7ac5_fk_orchestra; Type: FK CONSTRAINT; Schema: public; Owner: postgres
--

ALTER TABLE ONLY public.orchestrator_digitaltwininstanceproperty
    ADD CONSTRAINT orchestrator_digital_dtinstance_id_bf8d7ac5_fk_orchestra FOREIGN KEY (dtinstance_id) REFERENCES public.orchestrator_digitaltwininstance(id) DEFERRABLE INITIALLY DEFERRED;


--
-- Name: orchestrator_digitaltwininstance orchestrator_digital_model_id_bff4e455_fk_orchestra; Type: FK CONSTRAINT; Schema: public; Owner: postgres
--

ALTER TABLE ONLY public.orchestrator_digitaltwininstance
    ADD CONSTRAINT orchestrator_digital_model_id_bff4e455_fk_orchestra FOREIGN KEY (model_id) REFERENCES public.orchestrator_dtdlmodel(id) DEFERRABLE INITIALLY DEFERRED;


--
-- Name: orchestrator_digitaltwininstanceproperty orchestrator_digital_property_id_5bdc7ae0_fk_orchestra; Type: FK CONSTRAINT; Schema: public; Owner: postgres
--

ALTER TABLE ONLY public.orchestrator_digitaltwininstanceproperty
    ADD CONSTRAINT orchestrator_digital_property_id_5bdc7ae0_fk_orchestra FOREIGN KEY (property_id) REFERENCES public.orchestrator_modelelement(id) DEFERRABLE INITIALLY DEFERRED;


--
-- Name: orchestrator_digitaltwininstancerelationship orchestrator_digital_relationship_id_86305573_fk_orchestra; Type: FK CONSTRAINT; Schema: public; Owner: postgres
--

ALTER TABLE ONLY public.orchestrator_digitaltwininstancerelationship
    ADD CONSTRAINT orchestrator_digital_relationship_id_86305573_fk_orchestra FOREIGN KEY (relationship_id) REFERENCES public.orchestrator_modelrelationship(id) DEFERRABLE INITIALLY DEFERRED;


--
-- Name: orchestrator_digitaltwininstancerelationship orchestrator_digital_source_instance_id_47a5a7e0_fk_orchestra; Type: FK CONSTRAINT; Schema: public; Owner: postgres
--

ALTER TABLE ONLY public.orchestrator_digitaltwininstancerelationship
    ADD CONSTRAINT orchestrator_digital_source_instance_id_47a5a7e0_fk_orchestra FOREIGN KEY (source_instance_id) REFERENCES public.orchestrator_digitaltwininstance(id) DEFERRABLE INITIALLY DEFERRED;


--
-- Name: orchestrator_digitaltwininstancerelationship orchestrator_digital_target_instance_id_1ce598c8_fk_orchestra; Type: FK CONSTRAINT; Schema: public; Owner: postgres
--

ALTER TABLE ONLY public.orchestrator_digitaltwininstancerelationship
    ADD CONSTRAINT orchestrator_digital_target_instance_id_1ce598c8_fk_orchestra FOREIGN KEY (target_instance_id) REFERENCES public.orchestrator_digitaltwininstance(id) DEFERRABLE INITIALLY DEFERRED;


--
-- Name: orchestrator_dtdlmodel orchestrator_dtdlmod_system_id_3d07698a_fk_orchestra; Type: FK CONSTRAINT; Schema: public; Owner: postgres
--

ALTER TABLE ONLY public.orchestrator_dtdlmodel
    ADD CONSTRAINT orchestrator_dtdlmod_system_id_3d07698a_fk_orchestra FOREIGN KEY (system_id) REFERENCES public.orchestrator_systemcontext(id) DEFERRABLE INITIALLY DEFERRED;


--
-- Name: orchestrator_modelelement orchestrator_modelel_dtdl_model_id_5d5d1a17_fk_orchestra; Type: FK CONSTRAINT; Schema: public; Owner: postgres
--

ALTER TABLE ONLY public.orchestrator_modelelement
    ADD CONSTRAINT orchestrator_modelel_dtdl_model_id_5d5d1a17_fk_orchestra FOREIGN KEY (dtdl_model_id) REFERENCES public.orchestrator_dtdlmodel(id) DEFERRABLE INITIALLY DEFERRED;


--
-- Name: orchestrator_modelrelationship orchestrator_modelre_dtdl_model_id_4e65eed4_fk_orchestra; Type: FK CONSTRAINT; Schema: public; Owner: postgres
--

ALTER TABLE ONLY public.orchestrator_modelrelationship
    ADD CONSTRAINT orchestrator_modelre_dtdl_model_id_4e65eed4_fk_orchestra FOREIGN KEY (dtdl_model_id) REFERENCES public.orchestrator_dtdlmodel(id) DEFERRABLE INITIALLY DEFERRED;


--
-- PostgreSQL database dump complete
--

